set,card_name,card_number,batch_start_time,scraped_at,ungraded,grade_7,grade_8,grade_9,grade_95,psa_10,status,error_type,error_message,url
pokemon-destined-rivals,team-rocket's-meowth,203,2026-01-07T00:43:59.337569,2026-01-07T00:50:34.801019,$20.11,$20.00,$25.13,$27.45,$50.80,$132.50,,,,https://www.pricecharting.com/game/pokemon-destined-rivals/team-rocket%27s-meowth-203
pokemon-stellar-crown,lacey,172,2026-01-07T00:43:59.337569,2026-01-07T00:54:02.783667,$17.90,$11.00,$14.00,$21.68,$25.00,$60.76,,,,https://www.pricecharting.com/game/pokemon-stellar-crown/lacey-172
pokemon-black-bolt,karrablast,94,2025-12-24T20:41:06.548765,2025-12-24T20:42:51.411793,$10.95,$9.00,$11.50,$20.00,$22.00,$150.00,,,,https://www.pricecharting.com/game/pokemon-black-bolt/karrablast-94
pokemon-white-flare,scraggy,138,2026-01-02T20:03:57.005081,2026-01-02T20:13:10.308767,$9.00,,$12.50,$21.76,$24.00,$134.49,,,,https://www.pricecharting.com/game/pokemon-white-flare/scraggy-138
pokemon-destined-rivals,ethan's-typhlosion-stamped,34,2026-01-07T00:43:59.337569,2026-01-07T00:45:01.215742,$8.89,,$19.99,$23.30,$26.00,$75.43,,,,https://www.pricecharting.com/game/pokemon-destined-rivals/ethan%27s-typhlosion-stamped-34
pokemon-white-flare,woobat,119,2026-01-07T00:43:59.337569,2026-01-07T00:58:08.161061,$7.60,,$8.50,$16.28,$18.00,$77.56,,,,https://www.pricecharting.com/game/pokemon-white-flare/woobat-119
pokemon-destined-rivals,team-rocket's-raticate,202,2026-01-07T00:43:59.337569,2026-01-07T00:50:27.284889,$6.83,,$13.50,$19.23,$21.00,$75.50,,,,https://www.pricecharting.com/game/pokemon-destined-rivals/team-rocket%27s-raticate-202
pokemon-black-bolt,darmanitan,98,2026-01-05T14:00:30.919912,2026-01-05T14:04:28.264069,$6.20,,$14.01,$15.76,$17.00,$73.00,,,,https://www.pricecharting.com/game/pokemon-black-bolt/darmanitan-98
pokemon-white-flare,mandibuzz,145,2025-12-09T11:20:26.724232,2025-12-09T11:21:02.176884,$5.83,,$7.50,$15.54,$17.00,$79.19,,,,https://www.pricecharting.com/game/pokemon-white-flare/mandibuzz-145
pokemon-destined-rivals,team-rocket's-transceiver,178,2026-01-07T00:43:59.337569,2026-01-07T00:50:17.699776,$5.00,,,,,,,,,https://www.pricecharting.com/game/pokemon-destined-rivals/team-rocket%27s-transceiver-178
pokemon-black-bolt,timburr-masterball,47,2026-01-05T14:00:30.919912,2026-01-05T14:03:02.160079,$4.30,,,$15.68,$17.00,$21.50,,,,https://www.pricecharting.com/game/pokemon-black-bolt/timburr-masterball-47
pokemon-white-flare,pignite-master-ball,12,2026-01-07T00:43:59.337569,2026-01-07T00:54:21.922705,$3.25,,,$14.00,$15.00,$45.40,,,,https://www.pricecharting.com/game/pokemon-white-flare/pignite-master-ball-12
pokemon-white-flare,woobat-master-ball,36,2026-01-07T00:43:59.337569,2026-01-07T00:55:23.708449,$2.51,,,$13.37,$15.00,$21.50,,,,https://www.pricecharting.com/game/pokemon-white-flare/woobat-master-ball-36
pokemon-destined-rivals,arboliva-ex,207,2026-01-07T00:43:59.337569,2026-01-07T00:50:39.571156,$2.49,$7.00,$9.36,$11.33,$12.00,$36.56,,,,https://www.pricecharting.com/game/pokemon-destined-rivals/arboliva-ex-207
pokemon-white-flare,hilda-reverse,84,2026-01-07T00:43:59.337569,2026-01-07T00:57:57.816986,$2.37,,,$12.89,$14.00,$40.18,,,,https://www.pricecharting.com/game/pokemon-white-flare/hilda-reverse-84
pokemon-white-flare,hilda,84,2026-01-07T00:43:59.337569,2026-01-07T00:57:52.197888,$2.31,,,$12.81,$14.00,$39.90,,,,https://www.pricecharting.com/game/pokemon-white-flare/hilda-84
pokemon-journey-together,maractus,160,2026-01-07T00:43:59.337569,2026-01-07T00:54:04.308068,$2.25,$6.44,$8.78,$13.19,$13.50,$39.50,,,,https://www.pricecharting.com/game/pokemon-journey-together/maractus-160
pokemon-destined-rivals,yanmega-ex,206,2026-01-02T20:03:57.005081,2026-01-02T20:08:17.245921,$2.13,$8.50,$11.26,$12.96,$14.00,$31.45,,,,https://www.pricecharting.com/game/pokemon-destined-rivals/yanmega-ex-206
pokemon-white-flare,tool-scrapper-poke-ball,85,2026-01-07T00:43:59.337569,2026-01-07T00:58:02.369746,$2.08,,,$15.00,$17.00,$39.81,,,,https://www.pricecharting.com/game/pokemon-white-flare/tool-scrapper-poke-ball-85
pokemon-black-bolt,zekrom-ex,34,2025-12-24T20:41:06.548765,2025-12-24T20:41:48.863981,$1.87,$9.95,$22.75,$25.00,$28.00,$37.99,,,,https://www.pricecharting.com/game/pokemon-black-bolt/zekrom-ex-34
pokemon-white-flare,jellicent-ex,45,2026-01-07T00:43:59.337569,2026-01-07T00:56:02.263369,$1.82,,$14.88,$17.20,$19.00,$21.11,,,,https://www.pricecharting.com/game/pokemon-white-flare/jellicent-ex-45
pokemon-destined-rivals,team-rocket's-articuno-reverse-holo,51,2026-01-07T00:43:59.337569,2026-01-07T00:46:05.916187,$1.73,,,$11.17,$12.00,$46.00,,,,https://www.pricecharting.com/game/pokemon-destined-rivals/team-rocket%27s-articuno-reverse-holo-51
pokemon-white-flare,chandelure-reverse,18,2025-12-26T15:57:58.147246,2025-12-26T19:12:31.909954,$1.68,,,$12.25,$13.00,$37.98,,,,https://www.pricecharting.com/game/pokemon-white-flare/chandelure-reverse-18
pokemon-white-flare,lampent-reverse,17,2026-01-02T20:03:57.005081,2026-01-02T20:09:25.302412,$1.62,,,$12.18,$13.00,$26.50,,,,https://www.pricecharting.com/game/pokemon-white-flare/lampent-reverse-17
pokemon-white-flare,reshiram-ex,20,2025-12-09T11:20:26.724232,2025-12-09T11:20:48.100568,$1.58,,$10.23,$13.62,$14.96,$156.00,,,,https://www.pricecharting.com/game/pokemon-white-flare/reshiram-ex-20
pokemon-twilight-masquerade,froslass,53,2025-12-24T20:21:37.647759,2025-12-24T20:22:41.568172,$1.57,,,,,$13.50,,,,https://www.pricecharting.com/game/pokemon-twilight-masquerade/froslass-53
pokemon-destined-rivals,team-rocket's-nidoran,117,2026-01-02T20:03:57.005081,2026-01-02T20:06:27.398106,$1.56,,,$12.13,$13.00,$37.29,,,,https://www.pricecharting.com/game/pokemon-destined-rivals/team-rocket%27s-nidoran-117
pokemon-destined-rivals,ethan's-magcargo,36,2026-01-07T00:43:59.337569,2026-01-07T00:45:07.223409,$1.54,,,$14.99,$16.00,$41.00,,,,https://www.pricecharting.com/game/pokemon-destined-rivals/ethan%27s-magcargo-36
pokemon-white-flare,sigilyph-reverse,38,2026-01-07T00:43:59.337569,2026-01-07T00:55:38.118421,$1.54,,,$12.07,$13.00,$37.31,,,,https://www.pricecharting.com/game/pokemon-white-flare/sigilyph-reverse-38
pokemon-destined-rivals,steven's-metagross-ex,145,2026-01-07T00:43:59.337569,2026-01-07T00:48:43.170779,$1.49,,$13.01,$14.00,$15.00,$47.49,,,,https://www.pricecharting.com/game/pokemon-destined-rivals/steven%27s-metagross-ex-145
pokemon-destined-rivals,ethan's-typhlosion,34,2026-01-02T20:03:57.005081,2026-01-02T20:04:30.544297,$1.48,,$15.60,$23.56,$25.00,$187.75,,,,https://www.pricecharting.com/game/pokemon-destined-rivals/ethan%27s-typhlosion-34
pokemon-destined-rivals,arven's-mabosstiff-ex,139,2026-01-07T00:43:59.337569,2026-01-07T00:48:30.966917,$1.47,,$15.00,$17.00,$19.00,$37.00,,,,https://www.pricecharting.com/game/pokemon-destined-rivals/arven%27s-mabosstiff-ex-139
pokemon-white-flare,jellicent-ex,160,2026-01-02T20:03:57.005081,2026-01-02T20:13:15.169056,$1.45,,$5.50,$12.39,$14.00,$24.50,,,,https://www.pricecharting.com/game/pokemon-white-flare/jellicent-ex-160
pokemon-destined-rivals,blaziken,42,2026-01-07T00:43:59.337569,2026-01-07T00:45:20.183146,$1.32,,,$12.00,$13.00,$40.39,,,,https://www.pricecharting.com/game/pokemon-destined-rivals/blaziken-42
pokemon-destined-rivals,team-rocket's-articuno,51,2026-01-07T00:43:59.337569,2026-01-07T00:46:00.963659,$1.32,$15.50,$17.02,$20.92,$29.00,$98.77,,,,https://www.pricecharting.com/game/pokemon-destined-rivals/team-rocket%27s-articuno-51
pokemon-destined-rivals,marnie's-morgrem-reverse-holo,135,2026-01-04T17:25:37.624686,2026-01-04T17:27:28.510848,$1.25,,,$11.80,$13.00,$36.16,,,,https://www.pricecharting.com/game/pokemon-destined-rivals/marnie%27s-morgrem-reverse-holo-135
pokemon-destined-rivals,ethan's-cyndaquil-reverse-holo,32,2026-01-07T00:43:59.337569,2026-01-07T00:44:52.964430,$1.23,,,$14.50,$16.00,$35.74,,,,https://www.pricecharting.com/game/pokemon-destined-rivals/ethan%27s-cyndaquil-reverse-holo-32
pokemon-stellar-crown,medicham-ex,80,2025-12-09T11:20:26.724232,2025-12-09T11:20:26.735011,$1.20,,$8.25,$11.43,$13.00,$21.98,,,,https://www.pricecharting.com/game/pokemon-stellar-crown/medicham-ex-80
pokemon-destined-rivals,team-rocket's-tyranitar,96,2026-01-02T20:03:57.005081,2026-01-02T20:06:01.806230,$1.18,$22.00,$27.49,$30.66,$34.00,$100.14,,,,https://www.pricecharting.com/game/pokemon-destined-rivals/team-rocket%27s-tyranitar-96
pokemon-destined-rivals,team-rocket's-ariana,171,2026-01-07T00:43:59.337569,2026-01-07T00:49:52.618825,$1.16,,,$11.35,$12.00,$34.62,,,,https://www.pricecharting.com/game/pokemon-destined-rivals/team-rocket%27s-ariana-171
pokemon-destined-rivals,ethan's-adventure-reverse-holo,165,2026-01-07T00:43:59.337569,2026-01-07T00:49:23.551390,$1.15,,,$11.46,$13.00,$34.99,,,,https://www.pricecharting.com/game/pokemon-destined-rivals/ethan%27s-adventure-reverse-holo-165
pokemon-white-flare,keldeo-ex,30,2026-01-07T00:43:59.337569,2026-01-07T00:55:07.021768,$1.10,,$55.00,$61.00,$67.00,$73.00,,,,https://www.pricecharting.com/game/pokemon-white-flare/keldeo-ex-30
pokemon-journey-together,professor's-research-professor-sada,155,2025-12-26T19:23:48.175519,2025-12-26T19:23:48.189340,$1.09,,,,,,,,,https://www.pricecharting.com/game/pokemon-journey-together/professor%27s-research-professor-sada-155
pokemon-black-bolt,eelektrik,31,2026-01-07T00:43:59.337569,2026-01-07T00:51:17.140668,$1.06,,,$10.40,$11.00,$31.42,,,,https://www.pricecharting.com/game/pokemon-black-bolt/eelektrik-31
pokemon-black-bolt,excadrill-ex,46,2026-01-05T14:00:30.919912,2026-01-05T14:02:54.473016,$1.05,,$40.00,$55.00,$61.00,$104.50,,,,https://www.pricecharting.com/game/pokemon-black-bolt/excadrill-ex-46
pokemon-destined-rivals,wellspring-mask-ogerpon-reverse-holo,67,2026-01-07T00:43:59.337569,2026-01-07T00:46:31.564897,$1.05,,,$11.51,$13.00,$35.18,,,,https://www.pricecharting.com/game/pokemon-destined-rivals/wellspring-mask-ogerpon-reverse-holo-67
pokemon-destined-rivals,team-rocket's-spidops-reverse-holo,20,2026-01-07T00:43:59.337569,2026-01-07T00:44:34.533637,$1.04,,,$10.85,$12.00,$32.89,,,,https://www.pricecharting.com/game/pokemon-destined-rivals/team-rocket%27s-spidops-reverse-holo-20
pokemon-journey-together,n's-reshiram,116,2025-12-09T11:20:26.724232,2025-12-09T11:20:47.635612,$1.04,,$10.50,$12.00,$13.00,$36.00,,,,https://www.pricecharting.com/game/pokemon-journey-together/n%27s-reshiram-116
pokemon-black-bolt,air-balloon,79,2025-12-24T14:16:13.257724,2025-12-24T14:16:57.836035,$1.03,,,$11.68,$13.00,$35.94,,,,https://www.pricecharting.com/game/pokemon-black-bolt/air-balloon-79
pokemon-black-bolt,petilil-poke-ball,6,2026-01-02T20:03:57.005081,2026-01-02T20:08:23.921887,$0.99,,,$10.85,$12.00,$32.99,,,,https://www.pricecharting.com/game/pokemon-black-bolt/petilil-poke-ball-6
pokemon-destined-rivals,arcanine,28,2026-01-07T00:43:59.337569,2026-01-07T00:44:40.309355,$0.99,,,$10.34,$11.00,$31.17,,,,https://www.pricecharting.com/game/pokemon-destined-rivals/arcanine-28
pokemon-destined-rivals,team-rocket's-mimikyu,87,2026-01-02T20:03:57.005081,2026-01-02T20:05:44.054840,$0.99,,$15.00,$15.50,$17.00,$46.09,,,,https://www.pricecharting.com/game/pokemon-destined-rivals/team-rocket%27s-mimikyu-87
pokemon-temporal-forces,buddy-buddy-poffin,144,2025-12-26T15:57:58.147246,2025-12-26T19:11:17.886890,$0.99,,,$11.10,$12.00,$32.97,,,,https://www.pricecharting.com/game/pokemon-temporal-forces/buddy-buddy-poffin-144
pokemon-twilight-masquerade,luxray-ex,68,2026-01-07T00:43:59.337569,2026-01-07T00:52:13.522384,$0.99,,$7.75,$8.50,$12.92,$28.82,,,,https://www.pricecharting.com/game/pokemon-twilight-masquerade/luxray-ex-68
pokemon-white-flare,bouffalant-ex,77,2026-01-07T00:43:59.337569,2026-01-07T00:57:47.180290,$0.99,,$54.99,$60.00,$66.00,$72.00,,,,https://www.pricecharting.com/game/pokemon-white-flare/bouffalant-ex-77
pokemon-white-flare,gothitelle,43,2026-01-07T00:43:59.337569,2026-01-07T00:55:57.887444,$0.99,,,$10.71,$12.00,$32.51,,,,https://www.pricecharting.com/game/pokemon-white-flare/gothitelle-43
pokemon-white-flare,oshawott-poke-ball,21,2026-01-07T00:43:59.337569,2026-01-07T00:54:42.589062,$0.99,,,$11.47,$13.00,$35.16,,,,https://www.pricecharting.com/game/pokemon-white-flare/oshawott-poke-ball-21
pokemon-black-bolt,haxorus,70,2026-01-07T00:43:59.337569,2026-01-07T00:51:35.558246,$0.98,,,$10.61,$12.00,$32.13,,,,https://www.pricecharting.com/game/pokemon-black-bolt/haxorus-70
pokemon-black-bolt,prism-energy-reverse,86,2026-01-05T14:00:30.919912,2026-01-05T14:04:20.379134,$0.97,,,$10.20,$11.00,$30.71,,,,https://www.pricecharting.com/game/pokemon-black-bolt/prism-energy-reverse-86
pokemon-destined-rivals,misty's-lapras,50,2026-01-07T00:43:59.337569,2026-01-07T00:45:54.732612,$0.97,,$8.25,$10.50,$12.00,$35.00,,,,https://www.pricecharting.com/game/pokemon-destined-rivals/misty%27s-lapras-50
pokemon-white-flare,tepig,11,2026-01-02T20:03:57.005081,2026-01-02T20:09:06.794450,$0.93,,,$37.00,$41.00,$91.50,,,,https://www.pricecharting.com/game/pokemon-white-flare/tepig-11
pokemon-black-bolt,venipede-pokeball,54,2026-01-05T14:00:30.919912,2026-01-05T14:03:28.014133,$0.88,,,$11.00,$12.00,$31.75,,,,https://www.pricecharting.com/game/pokemon-black-bolt/venipede-pokeball-54
pokemon-white-flare,purrloin-pokeball,55,2025-12-02T23:44:48.494294,2025-12-02T23:47:54.188842,$0.86,,,$10.83,$12.00,$21.50,,,,https://www.pricecharting.com/game/pokemon-white-flare/purrloin-pokeball-55
pokemon-destined-rivals,team-rocket's-ariana-reverse-holo,171,2026-01-02T20:03:57.005081,2026-01-02T20:07:46.575730,$0.83,,,$11.13,$12.00,$33.88,,,,https://www.pricecharting.com/game/pokemon-destined-rivals/team-rocket%27s-ariana-reverse-holo-171
pokemon-destined-rivals,misty's-starmie-reverse-holo,47,2026-01-07T00:43:59.337569,2026-01-07T00:45:48.880539,$0.80,,,$11.32,$12.00,$34.53,,,,https://www.pricecharting.com/game/pokemon-destined-rivals/misty%27s-starmie-reverse-holo-47
pokemon-twilight-masquerade,snorlax,136,2025-12-24T14:44:56.809279,2025-12-24T14:45:28.597436,$0.74,,$14.50,$15.00,$17.00,$51.75,,,,https://www.pricecharting.com/game/pokemon-twilight-masquerade/snorlax-136
pokemon-white-flare,oshawott,21,2026-01-07T00:43:59.337569,2026-01-07T00:54:34.707392,$0.74,,$10.00,$25.02,$28.00,$31.50,,,,https://www.pricecharting.com/game/pokemon-white-flare/oshawott-21
pokemon-destined-rivals,growlithe-reverse-holo,27,2026-01-04T17:25:37.624686,2026-01-04T17:25:51.614235,$0.73,,,$10.19,$11.00,$30.65,,,,https://www.pricecharting.com/game/pokemon-destined-rivals/growlithe-reverse-holo-27
pokemon-destined-rivals,team-rocket's-spidops,20,2026-01-07T00:43:59.337569,2026-01-07T00:44:26.745588,$0.73,,,$10.34,$11.00,$31.17,,,,https://www.pricecharting.com/game/pokemon-destined-rivals/team-rocket%27s-spidops-20
pokemon-white-flare,scrafty-pokeball,58,2025-12-02T23:44:48.494294,2025-12-02T23:48:09.594984,$0.73,,,$3.25,$4.00,$36.46,,,,https://www.pricecharting.com/game/pokemon-white-flare/scrafty-pokeball-58
pokemon-destined-rivals,misty's-magikarp,48,2026-01-02T20:03:57.005081,2026-01-02T20:04:58.777750,$0.71,,$7.75,$9.78,$11.00,$33.64,,,,https://www.pricecharting.com/game/pokemon-destined-rivals/misty%27s-magikarp-48
pokemon-white-flare,brave-bangle,80,2026-01-02T20:03:57.005081,2026-01-02T20:12:47.070175,$0.70,,,$10.94,$12.00,$33.32,,,,https://www.pricecharting.com/game/pokemon-white-flare/brave-bangle-80
pokemon-black-bolt,pokegear-30,84,2025-12-24T20:41:06.548765,2025-12-24T20:42:44.075274,$0.69,,,$11.34,$12.00,$34.75,,,,https://www.pricecharting.com/game/pokemon-black-bolt/pokegear-30-84
pokemon-destined-rivals,team-rocket's-houndoom,38,2026-01-07T00:43:59.337569,2026-01-07T00:45:12.633671,$0.69,,,$5.85,$6.00,$73.00,,,,https://www.pricecharting.com/game/pokemon-destined-rivals/team-rocket%27s-houndoom-38
pokemon-twilight-masquerade,torkoal,30,2025-12-24T14:16:13.257724,2025-12-24T14:17:10.115658,$0.69,,,$10.35,$11.00,$30.97,,,,https://www.pricecharting.com/game/pokemon-twilight-masquerade/torkoal-30
pokemon-twilight-masquerade,tatsugiri-reverse-holo,131,2026-01-07T00:43:59.337569,2026-01-07T00:53:14.990040,$0.67,,,$11.06,$12.00,$60.05,,,,https://www.pricecharting.com/game/pokemon-twilight-masquerade/tatsugiri-reverse-holo-131
pokemon-destined-rivals,zamazenta,146,2026-01-07T00:43:59.337569,2026-01-07T00:48:47.297855,$0.66,,,$10.30,$11.00,$50.00,,,,https://www.pricecharting.com/game/pokemon-destined-rivals/zamazenta-146
pokemon-white-flare,ignition-energy,86,2026-01-02T20:03:57.005081,2026-01-02T20:13:04.855411,$0.65,,,$11.30,$12.00,$34.60,,,,https://www.pricecharting.com/game/pokemon-white-flare/ignition-energy-86
pokemon-destined-rivals,team-rocket's-flaafy-reverse-holo,73,2026-01-07T00:43:59.337569,2026-01-07T00:46:37.413492,$0.63,,,$10.50,$12.00,$32.57,,,,https://www.pricecharting.com/game/pokemon-destined-rivals/team-rocket%27s-flaafy-reverse-holo-73
pokemon-destined-rivals,team-rocket's-giovanni,174,2026-01-07T00:43:59.337569,2026-01-07T00:49:59.561934,$0.63,,$15.50,$17.00,$19.00,$42.65,,,,https://www.pricecharting.com/game/pokemon-destined-rivals/team-rocket%27s-giovanni-174
pokemon-stellar-crown,noctowl,115,2026-01-07T00:43:59.337569,2026-01-07T00:53:49.232629,$0.63,,,$6.75,$7.00,$19.74,,,,https://www.pricecharting.com/game/pokemon-stellar-crown/noctowl-115
pokemon-white-flare,zoroark,62,2026-01-07T00:43:59.337569,2026-01-07T00:56:50.448025,$0.63,,,$59.00,$65.00,$127.50,,,,https://www.pricecharting.com/game/pokemon-white-flare/zoroark-62
pokemon-twilight-masquerade,hisuian-arcanine,100,2025-12-24T14:47:57.083730,2025-12-24T14:47:57.092190,$0.62,,$5.75,$11.18,$12.00,$49.00,,,,https://www.pricecharting.com/game/pokemon-twilight-masquerade/hisuian-arcanine-100
pokemon-destined-rivals,zeraora,78,2026-01-07T00:43:59.337569,2026-01-07T00:46:48.212907,$0.61,,,$11.06,$12.00,$33.64,,,,https://www.pricecharting.com/game/pokemon-destined-rivals/zeraora-78
pokemon-white-flare,virizion,10,2026-01-07T00:43:59.337569,2026-01-07T00:54:05.537587,$0.60,,,$15.00,$17.00,$32.18,,,,https://www.pricecharting.com/game/pokemon-white-flare/virizion-10
pokemon-white-flare,lillipup-reverse,74,2026-01-07T00:43:59.337569,2026-01-07T00:57:22.209259,$0.58,,,$10.67,$12.00,$26.00,,,,https://www.pricecharting.com/game/pokemon-white-flare/lillipup-reverse-74
pokemon-destined-rivals,buizel,57,2026-01-07T00:43:59.337569,2026-01-07T00:46:18.348498,$0.57,,,$10.85,$12.00,$40.00,,,,https://www.pricecharting.com/game/pokemon-destined-rivals/buizel-57
pokemon-destined-rivals,misty's-psyduck,45,2026-01-07T01:13:32.223987,2026-01-07T01:13:32.240376,$0.56,,$11.34,$17.50,$19.00,$77.83,,,,https://www.pricecharting.com/game/pokemon-destined-rivals/misty%27s-psyduck-45
pokemon-destined-rivals,cynthia's-milotic,53,2026-01-02T20:03:57.005081,2026-01-02T20:05:03.539811,$0.54,,,$10.75,$12.00,$32.57,,,,https://www.pricecharting.com/game/pokemon-destined-rivals/cynthia%27s-milotic-53
pokemon-destined-rivals,team-rocket's-archer,170,2026-01-02T20:03:57.005081,2026-01-02T20:07:38.685406,$0.54,,,$10.52,$12.00,$31.78,,,,https://www.pricecharting.com/game/pokemon-destined-rivals/team-rocket%27s-archer-170
pokemon-destined-rivals,ethan's-quilava,33,2026-01-02T20:03:57.005081,2026-01-02T20:04:26.623633,$0.53,,,$10.53,$12.00,$31.82,,,,https://www.pricecharting.com/game/pokemon-destined-rivals/ethan%27s-quilava-33
pokemon-destined-rivals,cynthia's-power-weight,162,2026-01-07T00:43:59.337569,2026-01-07T00:49:17.817580,$0.52,,,$10.71,$12.00,$32.43,,,,https://www.pricecharting.com/game/pokemon-destined-rivals/cynthia%27s-power-weight-162
pokemon-destined-rivals,taillow,156,2026-01-07T01:13:32.223987,2026-01-07T01:14:00.471464,$0.52,,,$10.68,$12.00,$32.33,,,,https://www.pricecharting.com/game/pokemon-destined-rivals/taillow-156
pokemon-white-flare,pignite,12,2026-01-07T00:43:59.337569,2026-01-07T00:54:14.257209,$0.51,,,$10.16,$11.00,$30.57,,,,https://www.pricecharting.com/game/pokemon-white-flare/pignite-12
pokemon-black-bolt,elgyem-reverse,40,2026-01-05T14:00:30.919912,2026-01-05T14:02:39.577754,$0.50,,,$10.67,$12.00,$32.37,,,,https://www.pricecharting.com/game/pokemon-black-bolt/elgyem-reverse-40
pokemon-black-bolt,landorus-reverse,53,2026-01-05T14:00:30.919912,2026-01-05T14:03:24.286246,$0.50,,,$9.95,$11.00,$30.66,,,,https://www.pricecharting.com/game/pokemon-black-bolt/landorus-reverse-53
pokemon-black-bolt,palpitoad-pokeball,20,2025-12-24T20:41:06.548765,2025-12-24T20:41:23.815418,$0.50,,$6.51,$10.42,$11.00,$31.47,,,,https://www.pricecharting.com/game/pokemon-black-bolt/palpitoad-pokeball-20
pokemon-black-bolt,solosis-pokeball,37,2025-12-24T20:41:06.548765,2025-12-24T20:41:55.024022,$0.50,,$3.25,$10.91,$12.00,$33.23,,,,https://www.pricecharting.com/game/pokemon-black-bolt/solosis-pokeball-37
pokemon-destined-rivals,ethan's-cyndaquil,32,2026-01-02T20:03:57.005081,2026-01-02T20:04:18.628880,$0.50,,,$11.05,$12.00,$33.60,,,,https://www.pricecharting.com/game/pokemon-destined-rivals/ethan%27s-cyndaquil-32
pokemon-destined-rivals,team-rocket's-energy,182,2026-01-07T00:43:59.337569,2026-01-07T00:50:21.552353,$0.50,,,$10.68,$12.00,$32.33,,,,https://www.pricecharting.com/game/pokemon-destined-rivals/team-rocket%27s-energy-182
pokemon-destined-rivals,team-rocket's-petrel,176,2026-01-07T01:13:32.223987,2026-01-07T01:14:05.757776,$0.50,,,$10.44,$11.00,$31.49,,,,https://www.pricecharting.com/game/pokemon-destined-rivals/team-rocket%27s-petrel-176
pokemon-stellar-crown,ponyta-reverse-holo,19,2026-01-07T00:43:59.337569,2026-01-07T00:53:29.067461,$0.50,,,$7.50,$8.00,$31.24,,,,https://www.pricecharting.com/game/pokemon-stellar-crown/ponyta-reverse-holo-19
pokemon-twilight-masquerade,clefairy-reverse-holo,78,2026-01-07T00:43:59.337569,2026-01-07T00:52:31.815624,$0.50,,,$10.21,$11.00,$49.99,,,,https://www.pricecharting.com/game/pokemon-twilight-masquerade/clefairy-reverse-holo-78
pokemon-white-flare,joltik-reverse,33,2026-01-07T00:43:59.337569,2026-01-07T00:55:16.820967,$0.50,,,$10.34,$11.00,$31.18,,,,https://www.pricecharting.com/game/pokemon-white-flare/joltik-reverse-33
pokemon-white-flare,pignite-reverse,12,2025-12-02T23:44:48.494294,2025-12-02T23:45:31.749162,$0.50,,,$10.77,$12.00,$32.78,,,,https://www.pricecharting.com/game/pokemon-white-flare/pignite-reverse-12
pokemon-white-flare,purrloin-poke-ball,55,2026-01-07T00:43:59.337569,2026-01-07T00:56:34.107583,$0.50,,,$9.09,$10.00,$21.50,,,,https://www.pricecharting.com/game/pokemon-white-flare/purrloin-poke-ball-55
pokemon-white-flare,ducklett-poke-ball,25,2026-01-07T00:43:59.337569,2026-01-07T00:54:46.373746,$0.49,,,$10.75,$12.00,$32.65,,,,https://www.pricecharting.com/game/pokemon-white-flare/ducklett-poke-ball-25
pokemon-black-bolt,alomomola-pokeball,24,2026-01-05T14:00:30.919912,2026-01-05T14:02:11.527552,$0.48,,,$12.50,$14.00,$32.37,,,,https://www.pricecharting.com/game/pokemon-black-bolt/alomomola-pokeball-24
pokemon-destined-rivals,annihilape,92,2026-01-07T00:43:59.337569,2026-01-07T00:47:04.952795,$0.48,,,$10.61,$12.00,$49.99,,,,https://www.pricecharting.com/game/pokemon-destined-rivals/annihilape-92
pokemon-white-flare,chandelure,18,2026-01-02T20:03:57.005081,2026-01-02T20:09:33.139574,$0.48,,,$10.50,$12.00,$38.00,,,,https://www.pricecharting.com/game/pokemon-white-flare/chandelure-18
pokemon-white-flare,frillish-reverse,44,2025-12-26T15:57:58.147246,2025-12-26T19:12:36.550096,$0.48,,,$10.79,$12.00,$32.80,,,,https://www.pricecharting.com/game/pokemon-white-flare/frillish-reverse-44
pokemon-journey-together,iono's-voltorb,47,2025-12-26T15:57:58.147246,2025-12-26T19:11:30.782079,$0.47,,,$10.65,$12.00,$32.16,,,,https://www.pricecharting.com/game/pokemon-journey-together/iono%27s-voltorb-47
pokemon-destined-rivals,cornerstone-mask-ogerpon,111,2026-01-04T17:25:37.624686,2026-01-04T17:27:15.952086,$0.45,,,$10.46,$12.00,$31.59,,,,https://www.pricecharting.com/game/pokemon-destined-rivals/cornerstone-mask-ogerpon-111
pokemon-twilight-masquerade,iron-leaves,19,2025-12-24T14:16:13.257724,2025-12-24T14:17:02.999648,$0.45,,$5.51,$7.26,$8.00,$10.00,,,,https://www.pricecharting.com/game/pokemon-twilight-masquerade/iron-leaves-19
pokemon-white-flare,cofagrigus,40,2026-01-07T00:43:59.337569,2026-01-07T00:55:44.171604,$0.43,,,$10.54,$12.00,$31.89,,,,https://www.pricecharting.com/game/pokemon-white-flare/cofagrigus-40
pokemon-destined-rivals,hearthflame-mask-ogerpon,44,2026-01-07T00:43:59.337569,2026-01-07T00:45:28.739148,$0.42,,,$10.37,$11.00,$31.26,,,,https://www.pricecharting.com/game/pokemon-destined-rivals/hearthflame-mask-ogerpon-44
pokemon-destined-rivals,squawkabilly-reverse-holo,160,2026-01-04T17:25:37.624686,2026-01-04T17:27:58.912580,$0.40,,,$10.12,$11.00,$30.42,,,,https://www.pricecharting.com/game/pokemon-destined-rivals/squawkabilly-reverse-holo-160
pokemon-white-flare,herdier-reverse,75,2026-01-07T00:43:59.337569,2026-01-07T00:57:38.619879,$0.40,,,$10.12,$11.00,$21.50,,,,https://www.pricecharting.com/game/pokemon-white-flare/herdier-reverse-75
pokemon-black-bolt,volcarona,16,2026-01-05T14:00:30.919912,2026-01-05T14:01:54.837250,$0.37,,,$9.38,$10.00,$29.00,,,,https://www.pricecharting.com/game/pokemon-black-bolt/volcarona-16
pokemon-white-flare,scrafty-poke-ball,58,2026-01-07T00:43:59.337569,2026-01-07T00:56:44.890971,$0.36,,,$3.25,$4.00,$31.94,,,,https://www.pricecharting.com/game/pokemon-white-flare/scrafty-poke-ball-58
pokemon-black-bolt,tranquill-reverse,72,2025-12-24T14:16:13.257724,2025-12-24T14:16:41.000745,$0.35,,,$10.12,$11.00,$30.43,,,,https://www.pricecharting.com/game/pokemon-black-bolt/tranquill-reverse-72
pokemon-destined-rivals,team-rocket's-larvitar,94,2026-01-02T20:03:57.005081,2026-01-02T20:05:48.028476,$0.35,,,$10.15,$11.00,$30.51,,,,https://www.pricecharting.com/game/pokemon-destined-rivals/team-rocket%27s-larvitar-94
pokemon-twilight-masquerade,illumise-reverse-holo,10,2026-01-07T00:43:59.337569,2026-01-07T00:51:49.573953,$0.35,,,$10.40,$11.00,$31.10,,,,https://www.pricecharting.com/game/pokemon-twilight-masquerade/illumise-reverse-holo-10
pokemon-black-bolt,n's-plan,83,2025-12-24T20:41:06.548765,2025-12-24T20:42:37.883566,$0.34,,,$10.74,$12.00,$21.50,,,,https://www.pricecharting.com/game/pokemon-black-bolt/n%27s-plan-83
pokemon-journey-together,furret-reverse-holo,119,2025-12-26T15:57:58.147246,2025-12-26T19:11:55.858374,$0.33,,,$10.53,$12.00,$31.75,,,,https://www.pricecharting.com/game/pokemon-journey-together/furret-reverse-holo-119
pokemon-destined-rivals,marnie's-scrafty-reverse-holo,133,2026-01-07T00:43:59.337569,2026-01-07T00:48:13.369094,$0.32,,,$10.50,$12.00,$31.73,,,,https://www.pricecharting.com/game/pokemon-destined-rivals/marnie%27s-scrafty-reverse-holo-133
pokemon-twilight-masquerade,volbeat-reverse-holo,9,2025-12-24T20:21:37.647759,2025-12-24T20:21:55.425837,$0.32,,,$10.33,$11.00,$30.93,,,,https://www.pricecharting.com/game/pokemon-twilight-masquerade/volbeat-reverse-holo-9
pokemon-destined-rivals,ethan's-adventure,165,2026-01-02T20:03:57.005081,2026-01-02T20:07:26.862144,$0.31,,,$10.41,$11.00,$31.40,,,,https://www.pricecharting.com/game/pokemon-destined-rivals/ethan%27s-adventure-165
pokemon-twilight-masquerade,applin,17,2026-01-07T00:43:59.337569,2026-01-07T00:51:53.950301,$0.31,,,$10.52,$12.00,$31.44,,,,https://www.pricecharting.com/game/pokemon-twilight-masquerade/applin-17
pokemon-twilight-masquerade,leafeon,11,2025-12-24T14:44:56.809279,2025-12-24T14:44:56.816097,$0.31,,$8.50,$11.50,$13.00,$29.03,,,,https://www.pricecharting.com/game/pokemon-twilight-masquerade/leafeon-11
pokemon-black-bolt,cobalion,66,2025-12-24T14:16:13.257724,2025-12-24T14:16:32.589925,$0.30,,,$9.50,$10.00,$17.12,,,,https://www.pricecharting.com/game/pokemon-black-bolt/cobalion-66
pokemon-destined-rivals,team-rocket's-archer-reverse-holo,170,2026-01-07T00:43:59.337569,2026-01-07T00:49:43.853991,$0.30,,,$10.82,$12.00,$32.80,,,,https://www.pricecharting.com/game/pokemon-destined-rivals/team-rocket%27s-archer-reverse-holo-170
pokemon-destined-rivals,team-rocket's-great-ball,175,2026-01-02T20:03:57.005081,2026-01-02T20:08:03.885201,$0.30,,,$7.50,$8.00,$31.63,,,,https://www.pricecharting.com/game/pokemon-destined-rivals/team-rocket%27s-great-ball-175
pokemon-destined-rivals,team-rocket's-ampharos,74,2026-01-04T17:25:37.624686,2026-01-04T17:26:29.900141,$0.29,,,$10.50,$12.00,$31.73,,,,https://www.pricecharting.com/game/pokemon-destined-rivals/team-rocket%27s-ampharos-74
pokemon-destined-rivals,team-rocket's-arbok,113,2026-01-04T17:25:37.624686,2026-01-04T17:27:23.242355,$0.29,,$8.29,$10.75,$12.00,$32.38,,,,https://www.pricecharting.com/game/pokemon-destined-rivals/team-rocket%27s-arbok-113
pokemon-destined-rivals,marnie's-morgrem,135,2026-01-02T20:03:57.005081,2026-01-02T20:06:44.438040,$0.28,,,$10.38,$11.00,$31.31,,,,https://www.pricecharting.com/game/pokemon-destined-rivals/marnie%27s-morgrem-135
pokemon-destined-rivals,team-rocket's-porygon-z,155,2026-01-02T20:03:57.005081,2026-01-02T20:06:55.090378,$0.28,,,$10.38,$11.00,$31.31,,,,https://www.pricecharting.com/game/pokemon-destined-rivals/team-rocket%27s-porygon-z-155
pokemon-white-flare,tool-scrapper,85,2026-01-02T20:03:57.005081,2026-01-02T20:12:59.572244,$0.28,,,$10.39,$11.00,$31.38,,,,https://www.pricecharting.com/game/pokemon-white-flare/tool-scrapper-85
pokemon-black-bolt,tirtouga,22,2025-12-24T14:16:13.257724,2025-12-24T14:16:17.521199,$0.27,,,$10.36,$11.00,$31.28,,,,https://www.pricecharting.com/game/pokemon-black-bolt/tirtouga-22
pokemon-destined-rivals,wellspring-mask-ogerpon,67,2026-01-02T20:03:57.005081,2026-01-02T20:05:12.970304,$0.27,,,$10.49,$12.00,$31.68,,,,https://www.pricecharting.com/game/pokemon-destined-rivals/wellspring-mask-ogerpon-67
pokemon-scarlet-&-violet-energy,basic-fighting-energy-holo,22,2026-01-07T00:43:59.337569,2026-01-07T00:51:48.936741,$0.27,,,,,,,,,https://www.pricecharting.com/game/pokemon-scarlet-&-violet-energy/basic-fighting-energy-holo-22
pokemon-black-bolt,beartic,26,2025-12-26T15:57:58.147246,2025-12-26T15:58:22.503112,$0.26,,,$10.46,$12.00,$14.56,,,,https://www.pricecharting.com/game/pokemon-black-bolt/beartic-26
pokemon-destined-rivals,team-rocket's-factory,173,2026-01-02T20:03:57.005081,2026-01-02T20:07:58.401414,$0.26,,,$10.35,$11.00,$31.21,,,,https://www.pricecharting.com/game/pokemon-destined-rivals/team-rocket%27s-factory-173
pokemon-journey-together,hop's-corviknight,108,2025-12-26T15:57:58.147246,2025-12-26T19:11:51.628693,$0.26,,,$10.36,$11.00,$31.19,,,,https://www.pricecharting.com/game/pokemon-journey-together/hop%27s-corviknight-108
pokemon-white-flare,scrafty-reverse,58,2025-11-27T00:34:23.661894,2025-11-27T00:35:44.726884,$0.26,,,$10.33,$11.00,$31.20,,,,https://www.pricecharting.com/game/pokemon-white-flare/scrafty-reverse-58
pokemon-black-bolt,fennel,82,2026-01-05T14:00:30.919912,2026-01-05T14:04:13.378874,$0.25,,,$10.13,$11.00,$30.47,,,,https://www.pricecharting.com/game/pokemon-black-bolt/fennel-82
pokemon-black-bolt,karrablast,9,2026-01-05T14:00:30.919912,2026-01-05T14:01:35.344526,$0.25,,,$10.07,$11.00,$30.24,,,,https://www.pricecharting.com/game/pokemon-black-bolt/karrablast-9
pokemon-black-bolt,tynamo,30,2026-01-07T00:43:59.337569,2026-01-07T00:51:08.478365,$0.25,,,$10.31,$11.00,$31.09,,,,https://www.pricecharting.com/game/pokemon-black-bolt/tynamo-30
pokemon-destined-rivals,arven's-toedscruel,110,2026-01-02T20:03:57.005081,2026-01-02T20:06:21.194334,$0.25,,,$10.15,$11.00,$30.51,,,,https://www.pricecharting.com/game/pokemon-destined-rivals/arven%27s-toedscruel-110
pokemon-destined-rivals,cynthia's-spiritomb,129,2026-01-07T00:43:59.337569,2026-01-07T00:48:08.881646,$0.25,,,$10.68,$12.00,$32.33,,,,https://www.pricecharting.com/game/pokemon-destined-rivals/cynthia%27s-spiritomb-129
pokemon-destined-rivals,judge,167,2026-01-07T00:43:59.337569,2026-01-07T00:49:35.478225,$0.25,,,$10.26,$11.00,$30.89,,,,https://www.pricecharting.com/game/pokemon-destined-rivals/judge-167
pokemon-destined-rivals,primeape-reverse-holo,91,2026-01-07T00:43:59.337569,2026-01-07T00:47:00.193441,$0.25,,,$10.34,$11.00,$31.17,,,,https://www.pricecharting.com/game/pokemon-destined-rivals/primeape-reverse-holo-91
pokemon-destined-rivals,sacred-ash,168,2026-01-02T20:03:57.005081,2026-01-02T20:07:31.186974,$0.25,,,$10.34,$11.00,$31.17,,,,https://www.pricecharting.com/game/pokemon-destined-rivals/sacred-ash-168
pokemon-destined-rivals,team-rocket's-houndour,37,2026-01-02T20:03:57.005081,2026-01-02T20:04:46.927455,$0.25,,,$10.34,$11.00,$31.17,,,,https://www.pricecharting.com/game/pokemon-destined-rivals/team-rocket%27s-houndour-37
pokemon-twilight-masquerade,lana's-aid,155,2025-12-24T14:44:56.809279,2025-12-24T14:45:34.412411,$0.25,,,$10.38,$11.00,$31.06,,,,https://www.pricecharting.com/game/pokemon-twilight-masquerade/lana%27s-aid-155
pokemon-white-flare,gothita,41,2026-01-02T20:03:57.005081,2026-01-02T20:10:55.731385,$0.25,,,$10.13,$11.00,$30.47,,,,https://www.pricecharting.com/game/pokemon-white-flare/gothita-41
pokemon-destined-rivals,ethan's-pinsir,1,2026-01-02T20:03:57.005081,2026-01-02T20:03:57.017898,$0.24,,,$10.33,$11.00,$31.12,,,,https://www.pricecharting.com/game/pokemon-destined-rivals/ethan%27s-pinsir-1
pokemon-destined-rivals,team-rocket's-muk,124,2026-01-07T01:13:32.223987,2026-01-07T01:13:50.972157,$0.24,,,$10.33,$11.00,$31.12,,,,https://www.pricecharting.com/game/pokemon-destined-rivals/team-rocket%27s-muk-124
pokemon-stellar-crown,payapa-berry-reverse-holo,141,2025-12-24T14:44:56.809279,2025-12-24T14:45:35.308013,$0.23,,$7.50,$10.35,$11.00,$31.05,,,,https://www.pricecharting.com/game/pokemon-stellar-crown/payapa-berry-reverse-holo-141
pokemon-twilight-masquerade,abra,80,2025-12-24T20:21:37.647759,2025-12-24T20:23:03.609428,$0.23,,,$19.00,$19.00,$34.95,,,,https://www.pricecharting.com/game/pokemon-twilight-masquerade/abra-80
pokemon-twilight-masquerade,emolga,69,2025-12-24T14:44:56.809279,2025-12-24T14:45:08.777436,$0.23,,,$10.24,$11.00,$30.68,,,,https://www.pricecharting.com/game/pokemon-twilight-masquerade/emolga-69
pokemon-twilight-masquerade,hisuian-arcanine-reverse-holo,100,2025-12-24T20:21:37.647759,2025-12-24T20:23:16.705121,$0.23,,,$12.88,$14.00,$34.99,,,,https://www.pricecharting.com/game/pokemon-twilight-masquerade/hisuian-arcanine-reverse-holo-100
pokemon-destined-rivals,forretress,140,2026-01-07T00:43:59.337569,2026-01-07T00:48:36.346927,$0.22,,,$10.29,$11.00,$30.98,,,,https://www.pricecharting.com/game/pokemon-destined-rivals/forretress-140
pokemon-destined-rivals,team-rocket's-chingling,85,2026-01-04T17:25:37.624686,2026-01-04T17:26:45.473628,$0.22,,,$10.20,$11.00,$30.70,,,,https://www.pricecharting.com/game/pokemon-destined-rivals/team-rocket%27s-chingling-85
pokemon-destined-rivals,team-rocket's-grimer,123,2026-01-02T20:03:57.005081,2026-01-02T20:06:35.583797,$0.22,,,$10.20,$11.00,$30.70,,,,https://www.pricecharting.com/game/pokemon-destined-rivals/team-rocket%27s-grimer-123
pokemon-twilight-masquerade,drakloak,129,2025-12-26T15:57:58.147246,2025-12-26T17:59:41.351267,$0.22,,,$10.39,$11.00,$31.10,,,,https://www.pricecharting.com/game/pokemon-twilight-masquerade/drakloak-129
pokemon-journey-together,black-belt's-training,145,2025-12-26T15:57:58.147246,2025-12-26T19:12:01.583377,$0.21,,,$10.35,$11.00,$31.15,,,,https://www.pricecharting.com/game/pokemon-journey-together/black-belt%27s-training-145
pokemon-stellar-crown,raging-bolt,111,2026-01-07T00:43:59.337569,2026-01-07T00:53:42.480709,$0.21,,$10.50,$12.19,$22.50,$59.00,,,,https://www.pricecharting.com/game/pokemon-stellar-crown/raging-bolt-111
pokemon-white-flare,gothorita-reverse,42,2026-01-07T00:43:59.337569,2026-01-07T00:55:53.553596,$0.21,,,$10.08,$11.00,$30.28,,,,https://www.pricecharting.com/game/pokemon-white-flare/gothorita-reverse-42
pokemon-black-bolt,axew,68,2025-12-24T20:41:06.548765,2025-12-24T20:42:17.730088,$0.20,,,$10.27,$11.00,$30.95,,,,https://www.pricecharting.com/game/pokemon-black-bolt/axew-68
pokemon-destined-rivals,cynthia's-roselia,7,2026-01-07T00:43:59.337569,2026-01-07T00:44:05.778726,$0.20,,,$10.50,$12.00,$31.63,,,,https://www.pricecharting.com/game/pokemon-destined-rivals/cynthia%27s-roselia-7
pokemon-destined-rivals,lurantis,14,2026-01-02T20:03:57.005081,2026-01-02T20:04:03.621048,$0.20,,,$10.22,$11.00,$30.75,,,,https://www.pricecharting.com/game/pokemon-destined-rivals/lurantis-14
pokemon-twilight-masquerade,chimchar,31,2025-12-24T20:21:37.647759,2025-12-24T20:22:17.354432,$0.20,,,$10.47,$12.00,$39.99,,,,https://www.pricecharting.com/game/pokemon-twilight-masquerade/chimchar-31
pokemon-white-flare,energy-retrieval,82,2025-12-26T15:57:58.147246,2025-12-26T19:12:51.875535,$0.20,,,$10.16,$11.00,$30.57,,,,https://www.pricecharting.com/game/pokemon-white-flare/energy-retrieval-82
pokemon-white-flare,sawsbuck,7,2026-01-02T20:03:57.005081,2026-01-02T20:08:52.364978,$0.20,,,$10.20,$11.00,$30.71,,,,https://www.pricecharting.com/game/pokemon-white-flare/sawsbuck-7
pokemon-white-flare,tornadus,78,2025-12-26T15:57:58.147246,2025-12-26T19:12:44.162272,$0.20,,,$9.95,$11.00,$20.00,,,,https://www.pricecharting.com/game/pokemon-white-flare/tornadus-78
pokemon-destined-rivals,gorebyss,56,2026-01-07T00:43:59.337569,2026-01-07T00:46:11.821873,$0.19,,,$10.27,$11.00,$30.93,,,,https://www.pricecharting.com/game/pokemon-destined-rivals/gorebyss-56
pokemon-destined-rivals,probopass,98,2026-01-07T00:43:59.337569,2026-01-07T00:47:20.062597,$0.19,,,$10.26,$11.00,$30.89,,,,https://www.pricecharting.com/game/pokemon-destined-rivals/probopass-98
pokemon-twilight-masquerade,tangela,1,2025-12-24T20:21:37.647759,2025-12-24T20:21:50.764053,$0.19,,,$10.32,$11.00,$30.89,,,,https://www.pricecharting.com/game/pokemon-twilight-masquerade/tangela-1
pokemon-destined-rivals,dwebble,11,2026-01-04T17:25:37.624686,2026-01-04T17:25:37.639068,$0.18,,,$10.34,$11.00,$31.17,,,,https://www.pricecharting.com/game/pokemon-destined-rivals/dwebble-11
pokemon-destined-rivals,floatzel,58,2026-01-07T00:43:59.337569,2026-01-07T00:46:26.690530,$0.18,,,$10.27,$11.00,$30.93,,,,https://www.pricecharting.com/game/pokemon-destined-rivals/floatzel-58
pokemon-destined-rivals,mudsdale,108,2026-01-07T01:13:32.223987,2026-01-07T01:13:45.400798,$0.18,,,$10.16,$11.00,$30.56,,,,https://www.pricecharting.com/game/pokemon-destined-rivals/mudsdale-108
pokemon-destined-rivals,team-rocket's-porygon,153,2026-01-07T00:43:59.337569,2026-01-07T00:48:52.671480,$0.18,,,$10.34,$11.00,$74.99,,,,https://www.pricecharting.com/game/pokemon-destined-rivals/team-rocket%27s-porygon-153
pokemon-twilight-masquerade,crawdaunt,48,2025-12-24T14:16:13.257724,2025-12-24T14:17:20.019469,$0.18,,,$10.24,$11.00,$30.68,,,,https://www.pricecharting.com/game/pokemon-twilight-masquerade/crawdaunt-48
pokemon-twilight-masquerade,poliwrath,43,2025-12-24T20:21:37.647759,2025-12-24T20:22:33.264777,$0.18,,,$6.01,$7.00,$30.42,,,,https://www.pricecharting.com/game/pokemon-twilight-masquerade/poliwrath-43
pokemon-twilight-masquerade,scolipede,117,2025-12-26T15:57:58.147246,2025-12-26T17:59:35.986955,$0.18,,,$10.21,$11.00,$30.59,,,,https://www.pricecharting.com/game/pokemon-twilight-masquerade/scolipede-117
pokemon-destined-rivals,team-rocket's-bother-bot,172,2026-01-02T20:03:57.005081,2026-01-02T20:07:52.302388,$0.17,,,$10.20,$11.00,$30.70,,,,https://www.pricecharting.com/game/pokemon-destined-rivals/team-rocket%27s-bother-bot-172
pokemon-destined-rivals,team-rocket's-drowzee,79,2026-01-07T00:43:59.337569,2026-01-07T00:46:52.679501,$0.17,,,$9.36,$10.00,$30.56,,,,https://www.pricecharting.com/game/pokemon-destined-rivals/team-rocket%27s-drowzee-79
pokemon-stellar-crown,area-zero-underdepths-reverse-holo,131,2026-01-07T00:43:59.337569,2026-01-07T00:53:55.689294,$0.17,,,$7.50,$8.00,$31.30,,,,https://www.pricecharting.com/game/pokemon-stellar-crown/area-zero-underdepths-reverse-holo-131
pokemon-twilight-masquerade,chi-yu,39,2025-12-24T20:21:37.647759,2025-12-24T20:22:23.337955,$0.17,,,$10.20,$11.00,$49.99,,,,https://www.pricecharting.com/game/pokemon-twilight-masquerade/chi-yu-39
pokemon-twilight-masquerade,whirlipede-reverse-holo,116,2025-12-24T14:16:13.257724,2025-12-24T14:17:51.140465,$0.17,,,$10.36,$11.00,$31.02,,,,https://www.pricecharting.com/game/pokemon-twilight-masquerade/whirlipede-reverse-holo-116
pokemon-white-flare,durant-reverse,70,2025-12-24T14:16:13.257724,2025-12-24T14:18:25.300002,$0.17,,,$10.32,$11.00,$31.14,,,,https://www.pricecharting.com/game/pokemon-white-flare/durant-reverse-70
pokemon-black-bolt,simipour,18,2026-01-05T14:00:30.919912,2026-01-05T14:01:59.366147,$0.16,,,$10.22,$11.00,$30.76,,,,https://www.pricecharting.com/game/pokemon-black-bolt/simipour-18
pokemon-destined-rivals,manectric,76,2026-01-07T00:43:59.337569,2026-01-07T00:46:43.754723,$0.16,,,$10.26,$11.00,$30.89,,,,https://www.pricecharting.com/game/pokemon-destined-rivals/manectric-76
pokemon-twilight-masquerade,fezandipiti,96,2026-01-07T01:13:32.223987,2026-01-07T01:14:30.614759,$0.16,,,$10.50,$12.00,,,,,https://www.pricecharting.com/game/pokemon-twilight-masquerade/fezandipiti-96
pokemon-twilight-masquerade,heatran-reverse-holo,123,2026-01-07T00:43:59.337569,2026-01-07T00:53:07.864106,$0.16,,,$10.26,$11.00,$30.72,,,,https://www.pricecharting.com/game/pokemon-twilight-masquerade/heatran-reverse-holo-123
pokemon-white-flare,archeops,51,2026-01-02T20:03:57.005081,2026-01-02T20:11:22.682964,$0.16,,,$9.00,$10.00,$30.76,,,,https://www.pricecharting.com/game/pokemon-white-flare/archeops-51
pokemon-black-bolt,krookodile,59,2025-12-28T17:31:53.797853,2025-12-28T17:32:37.800868,$0.15,,,$10.54,$12.00,$31.90,,,,https://www.pricecharting.com/game/pokemon-black-bolt/krookodile-59
pokemon-destined-rivals,arven's-skwovet,158,2026-01-04T17:25:37.624686,2026-01-04T17:27:50.523335,$0.15,,,$10.26,$11.00,$24.99,,,,https://www.pricecharting.com/game/pokemon-destined-rivals/arven%27s-skwovet-158
pokemon-destined-rivals,ponyta-reverse-holo,29,2026-01-07T00:43:59.337569,2026-01-07T00:44:45.186223,$0.15,,,$10.23,$11.00,$30.79,,,,https://www.pricecharting.com/game/pokemon-destined-rivals/ponyta-reverse-holo-29
pokemon-destined-rivals,steven's-baltoy-reverse-holo,83,2026-01-04T17:25:37.624686,2026-01-04T17:26:37.673909,$0.15,,,$10.34,$11.00,$31.17,,,,https://www.pricecharting.com/game/pokemon-destined-rivals/steven%27s-baltoy-reverse-holo-83
pokemon-destined-rivals,team-rocket's-blipbug-reverse-holo,15,2026-01-07T00:43:59.337569,2026-01-07T00:44:21.906961,$0.15,,,$10.15,$11.00,$30.51,,,,https://www.pricecharting.com/game/pokemon-destined-rivals/team-rocket%27s-blipbug-reverse-holo-15
pokemon-destined-rivals,team-rocket's-hypno,80,2026-01-02T20:03:57.005081,2026-01-02T20:05:30.305718,$0.15,,,$12.50,$14.00,$21.25,,,,https://www.pricecharting.com/game/pokemon-destined-rivals/team-rocket%27s-hypno-80
pokemon-destined-rivals,team-rocket's-nidoran,114,2026-01-07T00:43:59.337569,2026-01-07T00:47:48.550411,$0.15,,,$10.20,$11.00,$30.70,,,,https://www.pricecharting.com/game/pokemon-destined-rivals/team-rocket%27s-nidoran-114
pokemon-destined-rivals,torchic,40,2026-01-04T17:25:37.624686,2026-01-04T17:25:59.423299,$0.15,,,$10.14,$11.00,$30.47,,,,https://www.pricecharting.com/game/pokemon-destined-rivals/torchic-40
pokemon-twilight-masquerade,enhanced-hammer,148,2026-01-07T00:43:59.337569,2026-01-07T00:53:23.260366,$0.15,,,$10.24,$11.00,$30.68,,,,https://www.pricecharting.com/game/pokemon-twilight-masquerade/enhanced-hammer-148
pokemon-twilight-masquerade,glalie,52,2026-01-07T00:43:59.337569,2026-01-07T00:52:07.308795,$0.15,,,$10.15,$11.00,$30.42,,,,https://www.pricecharting.com/game/pokemon-twilight-masquerade/glalie-52
pokemon-twilight-masquerade,lucky-helmet,158,2025-12-26T15:57:58.147246,2025-12-26T19:11:17.371724,$0.15,,,$10.23,$11.00,$30.64,,,,https://www.pricecharting.com/game/pokemon-twilight-masquerade/lucky-helmet-158
pokemon-twilight-masquerade,mopeko-reverse-holo,72,2025-12-24T20:21:37.647759,2025-12-24T20:22:54.613067,$0.15,,,$1.25,$1.00,$30.64,,,,https://www.pricecharting.com/game/pokemon-twilight-masquerade/mopeko-reverse-holo-72
pokemon-twilight-masquerade,ninetales,27,2025-12-26T19:16:52.382806,2025-12-26T19:17:00.866242,$0.15,,,$10.44,$11.00,$51.97,,,,https://www.pricecharting.com/game/pokemon-twilight-masquerade/ninetales-27
pokemon-white-flare,garbodor,60,2026-01-02T20:03:57.005081,2026-01-02T20:11:46.615683,$0.15,,,$10.35,$11.00,$31.23,,,,https://www.pricecharting.com/game/pokemon-white-flare/garbodor-60
pokemon-white-flare,mandibuzz,64,2026-01-02T20:03:57.005081,2026-01-02T20:12:07.172264,$0.15,,,$10.20,$11.00,$30.71,,,,https://www.pricecharting.com/game/pokemon-white-flare/mandibuzz-64
pokemon-white-flare,terrakion,54,2026-01-07T00:43:59.337569,2026-01-07T00:56:22.070094,$0.15,,,$10.20,$11.00,$30.71,,,,https://www.pricecharting.com/game/pokemon-white-flare/terrakion-54
pokemon-destined-rivals,meditite,99,2026-01-07T01:13:32.223987,2026-01-07T01:13:39.697250,$0.14,,,$10.19,$11.00,$30.65,,,,https://www.pricecharting.com/game/pokemon-destined-rivals/meditite-99
pokemon-destined-rivals,smoliv,21,2026-01-04T17:25:37.624686,2026-01-04T17:25:45.387222,$0.14,,,$10.34,$11.00,$31.17,,,,https://www.pricecharting.com/game/pokemon-destined-rivals/smoliv-21
pokemon-twilight-masquerade,chandelure-reverse-holo,38,2025-12-24T14:16:13.257724,2025-12-24T14:17:16.146062,$0.14,,,$5.72,$6.00,$30.72,,,,https://www.pricecharting.com/game/pokemon-twilight-masquerade/chandelure-reverse-holo-38
pokemon-twilight-masquerade,snorunt,51,2025-12-24T20:21:37.647759,2025-12-24T20:22:37.627882,$0.14,,,$10.26,$11.00,$30.72,,,,https://www.pricecharting.com/game/pokemon-twilight-masquerade/snorunt-51
pokemon-black-bolt,amoonguss,11,2026-01-05T14:00:30.919912,2026-01-05T14:01:42.807464,$0.13,,,$10.17,$11.00,$30.62,,,,https://www.pricecharting.com/game/pokemon-black-bolt/amoonguss-11
pokemon-black-bolt,reuniclus,39,2025-12-28T17:31:53.797853,2025-12-28T17:32:19.141380,$0.13,,,$10.17,$11.00,$30.62,,,,https://www.pricecharting.com/game/pokemon-black-bolt/reuniclus-39
pokemon-black-bolt,servine,2,2025-12-24T20:21:37.647759,2025-12-24T20:21:37.658626,$0.13,,,$10.33,$11.00,$31.19,,,,https://www.pricecharting.com/game/pokemon-black-bolt/servine-2
pokemon-destined-rivals,dipplin,17,2026-01-02T20:03:57.005081,2026-01-02T20:04:09.938271,$0.13,,,$10.16,$11.00,$30.56,,,,https://www.pricecharting.com/game/pokemon-destined-rivals/dipplin-17
pokemon-destined-rivals,marnie's-impidimp,134,2026-01-07T01:13:32.223987,2026-01-07T01:13:55.438654,$0.13,,,$10.27,$11.00,$30.93,,,,https://www.pricecharting.com/game/pokemon-destined-rivals/marnie%27s-impidimp-134
pokemon-destined-rivals,wash-rotom,61,2026-01-02T20:03:57.005081,2026-01-02T20:05:07.999584,$0.13,,,$10.20,$11.00,$30.70,,,,https://www.pricecharting.com/game/pokemon-destined-rivals/wash-rotom-61
pokemon-journey-together,banette,60,2025-12-26T15:57:58.147246,2025-12-26T19:11:39.630904,$0.13,,,$10.08,$11.00,$30.28,,,,https://www.pricecharting.com/game/pokemon-journey-together/banette-60
pokemon-journey-together,larvesta,28,2025-12-26T15:57:58.147246,2025-12-26T19:11:22.375310,$0.13,,,$10.11,$11.00,$54.99,,,,https://www.pricecharting.com/game/pokemon-journey-together/larvesta-28
pokemon-twilight-masquerade,chimecho,85,2025-12-24T20:21:37.647759,2025-12-24T20:23:08.981897,$0.13,,,$10.29,$11.00,$30.81,,,,https://www.pricecharting.com/game/pokemon-twilight-masquerade/chimecho-85
pokemon-white-flare,galvantula,34,2026-01-02T20:03:57.005081,2026-01-02T20:10:25.643984,$0.13,,,$10.17,$11.00,$30.62,,,,https://www.pricecharting.com/game/pokemon-white-flare/galvantula-34
pokemon-black-bolt,pansage-reverse,4,2025-12-28T17:31:53.797853,2025-12-28T17:31:53.810443,$0.12,,,$10.08,$11.00,$30.29,,,,https://www.pricecharting.com/game/pokemon-black-bolt/pansage-reverse-4
pokemon-destined-rivals,arven's-skwovet-reverse-holo,158,2026-01-07T00:43:59.337569,2026-01-07T00:49:04.542966,$0.12,,,$10.16,$11.00,$30.56,,,,https://www.pricecharting.com/game/pokemon-destined-rivals/arven%27s-skwovet-reverse-holo-158
pokemon-destined-rivals,rotom,77,2026-01-02T20:03:57.005081,2026-01-02T20:05:24.008650,$0.12,,,$10.15,$11.00,$30.51,,,,https://www.pricecharting.com/game/pokemon-destined-rivals/rotom-77
pokemon-journey-together,metapod,2,2025-12-26T15:57:58.147246,2025-12-26T19:11:18.339234,$0.12,,,$10.17,$11.00,$30.55,,,,https://www.pricecharting.com/game/pokemon-journey-together/metapod-2
pokemon-twilight-masquerade,farfetch'd,132,2025-12-24T14:16:13.257724,2025-12-24T14:17:55.421548,$0.12,,,$10.30,$11.00,$30.85,,,,https://www.pricecharting.com/game/pokemon-twilight-masquerade/farfetch%27d-132
pokemon-twilight-masquerade,iron-bundle,62,2025-12-24T14:16:13.257724,2025-12-24T14:17:26.260566,$0.12,,,$10.15,$11.00,$30.42,,,,https://www.pricecharting.com/game/pokemon-twilight-masquerade/iron-bundle-62
pokemon-twilight-masquerade,poliwhirl,42,2025-12-24T20:21:37.647759,2025-12-24T20:22:29.117603,$0.12,,,$10.17,$11.00,$30.47,,,,https://www.pricecharting.com/game/pokemon-twilight-masquerade/poliwhirl-42
pokemon-white-flare,swoobat-reverse,37,2026-01-02T20:03:57.005081,2026-01-02T20:10:43.198026,$0.12,,,$10.19,$11.00,$30.66,,,,https://www.pricecharting.com/game/pokemon-white-flare/swoobat-reverse-37
pokemon-black-bolt,carracosta,23,2025-12-24T20:41:06.548765,2025-12-24T20:41:30.241207,$0.11,,,$10.31,$11.00,$31.09,,,,https://www.pricecharting.com/game/pokemon-black-bolt/carracosta-23
pokemon-black-bolt,golurk,43,2026-01-05T14:00:30.919912,2026-01-05T14:02:48.117147,$0.11,,,$10.17,$11.00,$30.62,,,,https://www.pricecharting.com/game/pokemon-black-bolt/golurk-43
pokemon-black-bolt,palpitoad,20,2025-12-26T15:57:58.147246,2025-12-26T15:58:05.983517,$0.11,,,$10.12,$11.00,$30.43,,,,https://www.pricecharting.com/game/pokemon-black-bolt/palpitoad-20
pokemon-black-bolt,seismitoad,21,2026-01-05T14:00:30.919912,2026-01-05T14:02:03.365851,$0.11,,,$10.16,$11.00,$30.57,,,,https://www.pricecharting.com/game/pokemon-black-bolt/seismitoad-21
pokemon-black-bolt,simisage,5,2025-12-24T20:21:37.647759,2025-12-24T20:21:45.585870,$0.11,,,$10.16,$11.00,$30.57,,,,https://www.pricecharting.com/game/pokemon-black-bolt/simisage-5
pokemon-black-bolt,thundurus,33,2026-01-05T14:00:30.919912,2026-01-05T14:02:27.953919,$0.11,,,$11.50,$13.00,$27.90,,,,https://www.pricecharting.com/game/pokemon-black-bolt/thundurus-33
pokemon-destined-rivals,team-rocket's-porygon2,154,2026-01-02T20:03:57.005081,2026-01-02T20:06:48.323794,$0.11,,,$10.22,$11.00,$30.75,,,,https://www.pricecharting.com/game/pokemon-destined-rivals/team-rocket%27s-porygon2-154
pokemon-destined-rivals,yanma,2,2026-01-07T00:43:59.337569,2026-01-07T00:43:59.352164,$0.11,,,$10.12,$11.00,$30.42,,,,https://www.pricecharting.com/game/pokemon-destined-rivals/yanma-2
pokemon-stellar-crown,tirtouga,37,2026-01-07T01:13:32.223987,2026-01-07T01:14:38.632638,$0.11,,,$10.16,$11.00,$30.48,,,,https://www.pricecharting.com/game/pokemon-stellar-crown/tirtouga-37
pokemon-twilight-masquerade,morpeko,72,2025-12-24T14:44:56.809279,2025-12-24T14:45:13.111997,$0.11,,,$10.14,$11.00,$30.38,,,,https://www.pricecharting.com/game/pokemon-twilight-masquerade/morpeko-72
pokemon-twilight-masquerade,palafin,60,2025-12-24T20:21:37.647759,2025-12-24T20:22:48.068382,$0.11,,,$9.99,$11.00,$26.44,,,,https://www.pricecharting.com/game/pokemon-twilight-masquerade/palafin-60
pokemon-twilight-masquerade,whirlipede,116,2025-12-24T14:16:13.257724,2025-12-24T14:17:42.567266,$0.11,,,$10.14,$11.00,$30.38,,,,https://www.pricecharting.com/game/pokemon-twilight-masquerade/whirlipede-116
pokemon-white-flare,durant,70,2025-12-24T14:16:13.257724,2025-12-24T14:18:20.134436,$0.11,,,$10.24,$11.00,$30.86,,,,https://www.pricecharting.com/game/pokemon-white-flare/durant-70
pokemon-white-flare,ferrothorn,69,2025-12-24T14:16:13.257724,2025-12-24T14:18:15.005593,$0.11,,,$10.16,$11.00,$30.57,,,,https://www.pricecharting.com/game/pokemon-white-flare/ferrothorn-69
pokemon-white-flare,purrloin,55,2026-01-07T00:43:59.337569,2026-01-07T00:56:29.700051,$0.11,,,$10.12,$11.00,$30.43,,,,https://www.pricecharting.com/game/pokemon-white-flare/purrloin-55
pokemon-white-flare,vanillish,28,2026-01-02T20:03:57.005081,2026-01-02T20:10:03.230923,$0.11,,,$10.15,$11.00,$30.52,,,,https://www.pricecharting.com/game/pokemon-white-flare/vanillish-28
pokemon-white-flare,vanilluxe,29,2026-01-02T20:03:57.005081,2026-01-02T20:10:10.943120,$0.11,,,$10.12,$11.00,$30.43,,,,https://www.pricecharting.com/game/pokemon-white-flare/vanilluxe-29
pokemon-black-bolt,bisharp,65,2025-12-28T17:31:53.797853,2025-12-28T17:32:45.831789,$0.10,,,$10.11,$11.00,$30.38,,,,https://www.pricecharting.com/game/pokemon-black-bolt/bisharp-65
pokemon-black-bolt,braviary-reverse,78,2026-01-07T00:43:59.337569,2026-01-07T00:51:43.103414,$0.10,,,$10.11,$11.00,$30.38,,,,https://www.pricecharting.com/game/pokemon-black-bolt/braviary-reverse-78
pokemon-black-bolt,cryogonal,27,2025-12-26T15:57:58.147246,2025-12-26T15:58:27.019681,$0.10,,,$10.12,$11.00,$30.43,,,,https://www.pricecharting.com/game/pokemon-black-bolt/cryogonal-27
pokemon-black-bolt,cubchoo,25,2025-12-24T20:41:06.548765,2025-12-24T20:41:35.274762,$0.10,,,$10.13,$11.00,$30.48,,,,https://www.pricecharting.com/game/pokemon-black-bolt/cubchoo-25
pokemon-black-bolt,darmanitan,14,2025-12-24T20:41:06.548765,2025-12-24T20:41:18.825443,$0.10,,,$10.13,$11.00,$30.48,,,,https://www.pricecharting.com/game/pokemon-black-bolt/darmanitan-14
pokemon-black-bolt,gurdurr-reverse,48,2025-12-24T14:16:13.257724,2025-12-24T14:16:28.646879,$0.10,,,$10.13,$11.00,$30.48,,,,https://www.pricecharting.com/game/pokemon-black-bolt/gurdurr-reverse-48
pokemon-black-bolt,timburr,47,2025-12-24T14:16:13.257724,2025-12-24T14:16:22.926125,$0.10,,,$10.16,$11.00,$30.57,,,,https://www.pricecharting.com/game/pokemon-black-bolt/timburr-47
pokemon-destined-rivals,arven's-sandwich,161,2026-01-04T17:25:37.624686,2026-01-04T17:28:06.720654,$0.10,,,$10.14,$11.00,$30.47,,,,https://www.pricecharting.com/game/pokemon-destined-rivals/arven%27s-sandwich-161
pokemon-destined-rivals,ethan's-sudowoodo,93,2026-01-07T00:43:59.337569,2026-01-07T00:47:12.569243,$0.10,,,$10.08,$11.00,$30.28,,,,https://www.pricecharting.com/game/pokemon-destined-rivals/ethan%27s-sudowoodo-93
pokemon-destined-rivals,team-rocket's-koffing,125,2026-01-02T20:03:57.005081,2026-01-02T20:06:39.213926,$0.10,,,$10.18,$11.00,$30.61,,,,https://www.pricecharting.com/game/pokemon-destined-rivals/team-rocket%27s-koffing-125
pokemon-journey-together,pangoro,99,2025-12-26T15:57:58.147246,2025-12-26T19:11:46.255754,$0.10,,,$10.18,$11.00,$30.60,,,,https://www.pricecharting.com/game/pokemon-journey-together/pangoro-99
pokemon-twilight-masquerade,bug-catching-set,143,2025-12-26T15:57:58.147246,2025-12-26T19:10:51.705363,$0.10,,,$10.17,$11.00,$30.47,,,,https://www.pricecharting.com/game/pokemon-twilight-masquerade/bug-catching-set-143
pokemon-twilight-masquerade,ducklett,139,2025-12-26T15:57:58.147246,2025-12-26T19:10:44.929042,$0.10,,,$10.15,$11.00,$30.42,,,,https://www.pricecharting.com/game/pokemon-twilight-masquerade/ducklett-139
pokemon-twilight-masquerade,flabebe,86,2026-01-07T00:43:59.337569,2026-01-07T00:52:37.032232,$0.10,,,$6.50,$7.00,$30.42,,,,https://www.pricecharting.com/game/pokemon-twilight-masquerade/flabebe-86
pokemon-twilight-masquerade,mightyena,114,2025-12-24T14:16:13.257724,2025-12-24T14:17:33.922033,$0.10,,,$10.21,$11.00,$30.59,,,,https://www.pricecharting.com/game/pokemon-twilight-masquerade/mightyena-114
pokemon-twilight-masquerade,tadbulb,73,2026-01-07T00:43:59.337569,2026-01-07T00:52:19.101712,$0.10,,,$10.14,$11.00,$30.38,,,,https://www.pricecharting.com/game/pokemon-twilight-masquerade/tadbulb-73
pokemon-twilight-masquerade,trevenant,13,2025-12-24T20:21:37.647759,2025-12-24T20:22:03.663318,$0.10,,,$10.11,$11.00,$30.30,,,,https://www.pricecharting.com/game/pokemon-twilight-masquerade/trevenant-13
pokemon-white-flare,deino-reverse,65,2026-01-02T20:03:57.005081,2026-01-02T20:12:14.217750,$0.10,,,$10.13,$11.00,$30.47,,,,https://www.pricecharting.com/game/pokemon-white-flare/deino-reverse-65
pokemon-white-flare,ferroseed,68,2026-01-02T20:03:57.005081,2026-01-02T20:12:18.538385,$0.10,,,$10.13,$11.00,$30.47,,,,https://www.pricecharting.com/game/pokemon-white-flare/ferroseed-68
pokemon-white-flare,gothorita,42,2026-01-07T00:43:59.337569,2026-01-07T00:55:48.298770,$0.10,,,$10.11,$11.00,$30.38,,,,https://www.pricecharting.com/game/pokemon-white-flare/gothorita-42
pokemon-white-flare,joltik,33,2026-01-02T20:03:57.005081,2026-01-02T20:10:21.122818,$0.10,,,$10.31,$11.00,$31.09,,,,https://www.pricecharting.com/game/pokemon-white-flare/joltik-33
pokemon-white-flare,lampent,17,2026-01-07T00:43:59.337569,2026-01-07T00:54:30.174953,$0.10,,,$10.13,$11.00,$30.47,,,,https://www.pricecharting.com/game/pokemon-white-flare/lampent-17
pokemon-white-flare,mienfoo-reverse,52,2026-01-07T00:43:59.337569,2026-01-07T00:56:13.954737,$0.10,,,$10.11,$11.00,$30.38,,,,https://www.pricecharting.com/game/pokemon-white-flare/mienfoo-reverse-52
pokemon-white-flare,scrafty,58,2026-01-07T00:43:59.337569,2026-01-07T00:56:38.626717,$0.10,,,$10.15,$11.00,$30.52,,,,https://www.pricecharting.com/game/pokemon-white-flare/scrafty-58
pokemon-black-bolt,cinccino,76,2025-12-24T14:16:13.257724,2025-12-24T14:16:53.990177,$0.09,,,$10.13,$11.00,$30.48,,,,https://www.pricecharting.com/game/pokemon-black-bolt/cinccino-76
pokemon-black-bolt,emolga,29,2025-12-24T20:41:06.548765,2025-12-24T20:41:40.465805,$0.09,,,$10.12,$11.00,$30.43,,,,https://www.pricecharting.com/game/pokemon-black-bolt/emolga-29
pokemon-black-bolt,krokorok,58,2025-12-26T15:57:58.147246,2025-12-26T15:58:35.675007,$0.09,,,$10.11,$11.00,$30.38,,,,https://www.pricecharting.com/game/pokemon-black-bolt/krokorok-58
pokemon-black-bolt,minccino,75,2025-12-24T14:43:31.399058,2025-12-24T14:43:31.404894,$0.09,,,$10.09,$11.00,$30.33,,,,https://www.pricecharting.com/game/pokemon-black-bolt/minccino-75
pokemon-black-bolt,scolipede,56,2026-01-05T14:00:30.919912,2026-01-05T14:03:43.631676,$0.09,,,$10.12,$11.00,$30.43,,,,https://www.pricecharting.com/game/pokemon-black-bolt/scolipede-56
pokemon-black-bolt,throh,50,2026-01-05T14:00:30.919912,2026-01-05T14:03:11.128367,$0.09,,,$10.13,$11.00,$30.47,,,,https://www.pricecharting.com/game/pokemon-black-bolt/throh-50
pokemon-destined-rivals,electrike,75,2026-01-02T20:03:57.005081,2026-01-02T20:05:17.416667,$0.09,,,$10.14,$11.00,$30.47,,,,https://www.pricecharting.com/game/pokemon-destined-rivals/electrike-75
pokemon-destined-rivals,ethan's-slugma,35,2026-01-02T20:03:57.005081,2026-01-02T20:04:38.860916,$0.09,,,$10.20,$11.00,$30.70,,,,https://www.pricecharting.com/game/pokemon-destined-rivals/ethan%27s-slugma-35
pokemon-destined-rivals,steven's-carbink,86,2026-01-02T20:03:57.005081,2026-01-02T20:05:35.962255,$0.09,,,$10.14,$11.00,$40.00,,,,https://www.pricecharting.com/game/pokemon-destined-rivals/steven%27s-carbink-86
pokemon-stellar-crown,crabawler-reverse-holo,87,2026-01-07T00:43:59.337569,2026-01-07T00:53:35.706376,$0.09,,,$10.13,$11.00,$29.98,,,,https://www.pricecharting.com/game/pokemon-stellar-crown/crabawler-reverse-holo-87
pokemon-twilight-masquerade,festival-grounds,149,2025-12-24T14:16:13.257724,2025-12-24T14:18:01.762870,$0.09,,,$10.11,$11.00,$30.30,,,,https://www.pricecharting.com/game/pokemon-twilight-masquerade/festival-grounds-149
pokemon-white-flare,druddigon,71,2026-01-02T20:03:57.005081,2026-01-02T20:12:24.397144,$0.09,,,$10.09,$11.00,$30.33,,,,https://www.pricecharting.com/game/pokemon-white-flare/druddigon-71
pokemon-white-flare,harlequin,83,2026-01-02T20:03:57.005081,2026-01-02T20:12:54.344747,$0.09,,,$10.20,$11.00,$30.71,,,,https://www.pricecharting.com/game/pokemon-white-flare/harlequin-83
pokemon-white-flare,trubbish,59,2026-01-02T20:03:57.005081,2026-01-02T20:11:42.367630,$0.09,,,$10.11,$11.00,$30.38,,,,https://www.pricecharting.com/game/pokemon-white-flare/trubbish-59
pokemon-white-flare,yamask,39,2026-01-02T20:03:57.005081,2026-01-02T20:10:48.840596,$0.09,,,$10.09,$11.00,$30.33,,,,https://www.pricecharting.com/game/pokemon-white-flare/yamask-39
pokemon-white-flare,zebstrika-reverse,32,2026-01-02T20:03:57.005081,2026-01-02T20:10:16.813280,$0.09,,,$10.15,$11.00,$30.52,,,,https://www.pricecharting.com/game/pokemon-white-flare/zebstrika-reverse-32
pokemon-black-bolt,alomomola,24,2025-12-26T15:57:58.147246,2025-12-26T15:58:14.145002,$0.08,,,$10.09,$11.00,$30.33,,,,https://www.pricecharting.com/game/pokemon-black-bolt/alomomola-24
pokemon-black-bolt,audino,74,2026-01-05T14:00:30.919912,2026-01-05T14:03:59.907344,$0.08,,,$10.11,$11.00,$30.38,,,,https://www.pricecharting.com/game/pokemon-black-bolt/audino-74
pokemon-black-bolt,dwebble,51,2026-01-05T14:00:30.919912,2026-01-05T14:03:16.666350,$0.08,,,$10.16,$11.00,$30.57,,,,https://www.pricecharting.com/game/pokemon-black-bolt/dwebble-51
pokemon-black-bolt,larvesta,15,2025-12-28T17:31:53.797853,2025-12-28T17:32:11.640908,$0.08,,,$10.08,$11.00,$30.29,,,,https://www.pricecharting.com/game/pokemon-black-bolt/larvesta-15
pokemon-black-bolt,lilligant,7,2025-12-24T20:41:06.548765,2025-12-24T20:41:06.559531,$0.08,,,$10.09,$11.00,$30.33,,,,https://www.pricecharting.com/game/pokemon-black-bolt/lilligant-7
pokemon-black-bolt,professor's-research-professor-juniper,85,2025-12-26T19:16:52.382806,2025-12-26T19:16:57.034138,$0.08,,,$10.11,$11.00,$30.38,,,,https://www.pricecharting.com/game/pokemon-black-bolt/professor%27s-research-professor-juniper-85
pokemon-destined-rivals,arven's-maschiff,138,2026-01-04T17:25:37.624686,2026-01-04T17:27:35.785928,$0.08,,,$10.07,$11.00,$30.23,,,,https://www.pricecharting.com/game/pokemon-destined-rivals/arven%27s-maschiff-138
pokemon-destined-rivals,arven's-toedscool,109,2026-01-04T17:25:37.624686,2026-01-04T17:27:11.451373,$0.08,,,$10.14,$11.00,$30.47,,,,https://www.pricecharting.com/game/pokemon-destined-rivals/arven%27s-toedscool-109
pokemon-destined-rivals,fomantis,13,2026-01-07T00:43:59.337569,2026-01-07T00:44:13.306559,$0.08,,,$10.11,$11.00,$30.37,,,,https://www.pricecharting.com/game/pokemon-destined-rivals/fomantis-13
pokemon-destined-rivals,granite-cave-reverse-holo,166,2026-01-07T00:43:59.337569,2026-01-07T00:49:30.921508,$0.08,,,$10.11,$11.00,$30.37,,,,https://www.pricecharting.com/game/pokemon-destined-rivals/granite-cave-reverse-holo-166
pokemon-twilight-masquerade,finizen-reverse-holo,59,2025-12-24T14:44:56.809279,2025-12-24T14:45:03.420764,$0.08,,,$10.12,$11.00,$30.34,,,,https://www.pricecharting.com/game/pokemon-twilight-masquerade/finizen-reverse-holo-59
pokemon-twilight-masquerade,swirlix,89,2026-01-07T01:13:32.223987,2026-01-07T01:14:24.866477,$0.08,,,$10.12,$11.00,$30.34,,,,https://www.pricecharting.com/game/pokemon-twilight-masquerade/swirlix-89
pokemon-white-flare,dewott,22,2026-01-02T20:03:57.005081,2026-01-02T20:09:41.727413,$0.08,,,$10.07,$11.00,$30.24,,,,https://www.pricecharting.com/game/pokemon-white-flare/dewott-22
pokemon-white-flare,heatmor,19,2026-01-02T20:03:57.005081,2026-01-02T20:09:37.821646,$0.08,,,$10.09,$11.00,$30.33,,,,https://www.pricecharting.com/game/pokemon-white-flare/heatmor-19
pokemon-white-flare,sigilyph,38,2026-01-07T00:43:59.337569,2026-01-07T00:55:32.481324,$0.08,,,$10.11,$11.00,$30.38,,,,https://www.pricecharting.com/game/pokemon-white-flare/sigilyph-38
pokemon-white-flare,swadloon,2,2026-01-02T20:03:57.005081,2026-01-02T20:08:32.255158,$0.08,,,$10.11,$11.00,$30.38,,,,https://www.pricecharting.com/game/pokemon-white-flare/swadloon-2
pokemon-white-flare,vullaby,63,2026-01-02T20:03:57.005081,2026-01-02T20:11:58.856068,$0.08,,,$10.11,$11.00,$30.38,,,,https://www.pricecharting.com/game/pokemon-white-flare/vullaby-63
pokemon-white-flare,zorua,61,2026-01-02T20:03:57.005081,2026-01-02T20:11:54.416705,$0.08,,,$10.39,$11.00,$31.38,,,,https://www.pricecharting.com/game/pokemon-white-flare/zorua-61
pokemon-black-bolt,crustle,52,2025-12-24T20:41:06.548765,2025-12-24T20:42:12.254632,$0.07,,,$10.05,$11.00,$30.19,,,,https://www.pricecharting.com/game/pokemon-black-bolt/crustle-52
pokemon-black-bolt,foongus,10,2025-12-28T17:31:53.797853,2025-12-28T17:32:06.435630,$0.07,,,$10.08,$11.00,$30.29,,,,https://www.pricecharting.com/game/pokemon-black-bolt/foongus-10
pokemon-black-bolt,fraxure-reverse,69,2025-12-24T20:41:06.548765,2025-12-24T20:42:23.254948,$0.07,,,$10.27,$11.00,$30.95,,,,https://www.pricecharting.com/game/pokemon-black-bolt/fraxure-reverse-69
pokemon-black-bolt,pidove,71,2026-01-05T14:00:30.919912,2026-01-05T14:03:51.157131,$0.07,,,$10.09,$11.00,$30.33,,,,https://www.pricecharting.com/game/pokemon-black-bolt/pidove-71
pokemon-black-bolt,sandile,57,2025-12-28T17:31:53.797853,2025-12-28T17:32:30.960880,$0.07,,,$10.07,$11.00,$30.24,,,,https://www.pricecharting.com/game/pokemon-black-bolt/sandile-57
pokemon-twilight-masquerade,kilowattrel,76,2026-01-07T00:43:59.337569,2026-01-07T00:52:25.932344,$0.07,,,$10.12,$11.00,$30.34,,,,https://www.pricecharting.com/game/pokemon-twilight-masquerade/kilowattrel-76
pokemon-white-flare,liepard,56,2026-01-02T20:03:57.005081,2026-01-02T20:11:29.384774,$0.07,,,$10.09,$11.00,$30.33,,,,https://www.pricecharting.com/game/pokemon-white-flare/liepard-56
pokemon-white-flare,lillipup,74,2026-01-07T00:43:59.337569,2026-01-07T00:57:16.244200,$0.07,,,$10.08,$11.00,$30.28,,,,https://www.pricecharting.com/game/pokemon-white-flare/lillipup-74
pokemon-white-flare,simisear,15,2026-01-02T20:03:57.005081,2026-01-02T20:09:13.220040,$0.07,,,$10.12,$11.00,$30.43,,,,https://www.pricecharting.com/game/pokemon-white-flare/simisear-15
pokemon-white-flare,swoobat,37,2026-01-07T00:43:59.337569,2026-01-07T00:55:28.613783,$0.07,,,$10.09,$11.00,$30.33,,,,https://www.pricecharting.com/game/pokemon-white-flare/swoobat-37
pokemon-white-flare,vanillite-reverse,27,2026-01-07T00:43:59.337569,2026-01-07T00:55:02.360862,$0.07,,,$10.09,$11.00,$30.33,,,,https://www.pricecharting.com/game/pokemon-white-flare/vanillite-reverse-27
pokemon-black-bolt,cryogonal-reverse,27,2026-01-05T14:00:30.919912,2026-01-05T14:02:22.022609,$0.06,,,$10.13,$11.00,$30.47,,,,https://www.pricecharting.com/game/pokemon-black-bolt/cryogonal-reverse-27
pokemon-black-bolt,elgyem,40,2025-12-28T17:31:53.797853,2025-12-28T17:32:27.428689,$0.06,,,$10.04,$11.00,$30.14,,,,https://www.pricecharting.com/game/pokemon-black-bolt/elgyem-40
pokemon-black-bolt,palpitoad-reverse,20,2026-01-07T00:43:59.337569,2026-01-07T00:51:00.848266,$0.06,,,$10.08,$11.00,$30.28,,,,https://www.pricecharting.com/game/pokemon-black-bolt/palpitoad-reverse-20
pokemon-black-bolt,petilil-reverse,6,2025-12-26T15:57:58.147246,2025-12-26T15:57:58.159139,$0.06,,,$10.08,$11.00,$30.29,,,,https://www.pricecharting.com/game/pokemon-black-bolt/petilil-reverse-6
pokemon-black-bolt,tranquill,72,2025-12-24T20:41:06.548765,2025-12-24T20:42:30.397057,$0.06,,,$10.09,$11.00,$30.33,,,,https://www.pricecharting.com/game/pokemon-black-bolt/tranquill-72
pokemon-black-bolt,unfezant,73,2025-12-26T15:57:58.147246,2025-12-26T16:01:31.665161,$0.06,,,$10.08,$11.00,$30.29,,,,https://www.pricecharting.com/game/pokemon-black-bolt/unfezant-73
pokemon-black-bolt,whirlipede,55,2026-01-05T14:00:30.919912,2026-01-05T14:03:35.641421,$0.06,,,$10.08,$11.00,$30.28,,,,https://www.pricecharting.com/game/pokemon-black-bolt/whirlipede-55
pokemon-destined-rivals,emcee's-hype,163,2026-01-02T20:03:57.005081,2026-01-02T20:07:21.290247,$0.06,,,$10.07,$11.00,$30.23,,,,https://www.pricecharting.com/game/pokemon-destined-rivals/emcee%27s-hype-163
pokemon-destined-rivals,squawkabilly,160,2026-01-07T00:43:59.337569,2026-01-07T00:49:10.718860,$0.06,,,$10.10,$11.00,$30.33,,,,https://www.pricecharting.com/game/pokemon-destined-rivals/squawkabilly-160
pokemon-destined-rivals,team-rocket's-pupitar,95,2026-01-02T20:03:57.005081,2026-01-02T20:05:53.493048,$0.06,,,$10.08,$11.00,$30.28,,,,https://www.pricecharting.com/game/pokemon-destined-rivals/team-rocket%27s-pupitar-95
pokemon-twilight-masquerade,chansey,133,2025-12-26T15:57:58.147246,2025-12-26T19:00:35.576093,$0.06,,,$10.15,$11.00,$30.42,,,,https://www.pricecharting.com/game/pokemon-twilight-masquerade/chansey-133
pokemon-white-flare,antique-plume-fossil,79,2026-01-02T20:03:57.005081,2026-01-02T20:12:39.272179,$0.06,,,$10.08,$11.00,$30.28,,,,https://www.pricecharting.com/game/pokemon-white-flare/antique-plume-fossil-79
pokemon-white-flare,boldore-reverse,47,2026-01-07T00:43:59.337569,2026-01-07T00:56:09.204047,$0.06,,,$10.07,$11.00,$30.24,,,,https://www.pricecharting.com/game/pokemon-white-flare/boldore-reverse-47
pokemon-white-flare,cottonee,4,2026-01-02T20:03:57.005081,2026-01-02T20:08:40.244784,$0.06,,,$10.09,$11.00,$30.33,,,,https://www.pricecharting.com/game/pokemon-white-flare/cottonee-4
pokemon-white-flare,herdier,75,2026-01-07T00:43:59.337569,2026-01-07T00:57:30.987397,$0.06,,,$10.08,$11.00,$30.28,,,,https://www.pricecharting.com/game/pokemon-white-flare/herdier-75
pokemon-white-flare,scraggy,57,2026-01-02T20:03:57.005081,2026-01-02T20:11:34.928712,$0.06,,,$10.08,$11.00,$30.28,,,,https://www.pricecharting.com/game/pokemon-white-flare/scraggy-57
pokemon-white-flare,swanna,26,2026-01-02T20:03:57.005081,2026-01-02T20:09:59.001938,$0.06,,,$10.11,$11.00,$30.38,,,,https://www.pricecharting.com/game/pokemon-white-flare/swanna-26
pokemon-white-flare,vanillite,27,2026-01-07T00:43:59.337569,2026-01-07T00:54:55.121814,$0.06,,,$10.07,$11.00,$30.24,,,,https://www.pricecharting.com/game/pokemon-white-flare/vanillite-27
pokemon-white-flare,vullaby-reverse,63,2026-01-07T00:43:59.337569,2026-01-07T00:56:57.120277,$0.06,,,$10.07,$11.00,$30.24,,,,https://www.pricecharting.com/game/pokemon-white-flare/vullaby-reverse-63
pokemon-white-flare,watchog,73,2026-01-07T00:43:59.337569,2026-01-07T00:57:10.562563,$0.06,,,$10.07,$11.00,$30.24,,,,https://www.pricecharting.com/game/pokemon-white-flare/watchog-73
pokemon-white-flare,watchog-reverse,73,2026-01-02T20:03:57.005081,2026-01-02T20:12:32.825711,$0.06,,,$10.08,$11.00,$30.28,,,,https://www.pricecharting.com/game/pokemon-white-flare/watchog-reverse-73
pokemon-white-flare,zebstrika,32,2026-01-07T00:43:59.337569,2026-01-07T00:55:11.901974,$0.06,,,$10.11,$11.00,$30.38,,,,https://www.pricecharting.com/game/pokemon-white-flare/zebstrika-32
pokemon-black-bolt,beheeyem,41,2026-01-05T14:00:30.919912,2026-01-05T14:02:43.438626,$0.05,,,$10.08,$11.00,$30.28,,,,https://www.pricecharting.com/game/pokemon-black-bolt/beheeyem-41
pokemon-black-bolt,braviary,78,2026-01-05T14:00:30.919912,2026-01-05T14:04:04.936800,$0.05,,,$10.11,$11.00,$30.38,,,,https://www.pricecharting.com/game/pokemon-black-bolt/braviary-78
pokemon-black-bolt,fraxure,69,2026-01-07T00:43:59.337569,2026-01-07T00:51:28.910465,$0.05,,,$10.07,$11.00,$30.24,,,,https://www.pricecharting.com/game/pokemon-black-bolt/fraxure-69
pokemon-black-bolt,golett,42,2025-12-24T20:41:06.548765,2025-12-24T20:42:02.574953,$0.05,,,$10.07,$11.00,$30.24,,,,https://www.pricecharting.com/game/pokemon-black-bolt/golett-42
pokemon-black-bolt,gurdurr,48,2025-12-24T20:41:06.548765,2025-12-24T20:42:08.682022,$0.05,,,$10.04,$11.00,$30.14,,,,https://www.pricecharting.com/game/pokemon-black-bolt/gurdurr-48
pokemon-black-bolt,klink,61,2025-12-26T19:16:52.382806,2025-12-26T19:16:52.395163,$0.05,,,$10.07,$11.00,$30.24,,,,https://www.pricecharting.com/game/pokemon-black-bolt/klink-61
pokemon-black-bolt,maractus,8,2025-12-24T20:41:06.548765,2025-12-24T20:41:10.773506,$0.05,,,$10.11,$11.00,$30.38,,,,https://www.pricecharting.com/game/pokemon-black-bolt/maractus-8
pokemon-black-bolt,petilil,6,2025-12-24T14:16:13.257724,2025-12-24T14:16:13.264651,$0.05,,,$10.08,$11.00,$30.29,,,,https://www.pricecharting.com/game/pokemon-black-bolt/petilil-6
pokemon-black-bolt,tympole,19,2026-01-07T00:43:59.337569,2026-01-07T00:50:52.574695,$0.05,,,$10.07,$11.00,$30.24,,,,https://www.pricecharting.com/game/pokemon-black-bolt/tympole-19
pokemon-white-flare,basculin,24,2026-01-02T20:03:57.005081,2026-01-02T20:09:47.922630,$0.05,,,$10.05,$11.00,$30.19,,,,https://www.pricecharting.com/game/pokemon-white-flare/basculin-24
pokemon-white-flare,deerling,6,2026-01-02T20:03:57.005081,2026-01-02T20:08:48.660205,$0.05,,,$10.09,$11.00,$30.33,,,,https://www.pricecharting.com/game/pokemon-white-flare/deerling-6
pokemon-white-flare,gigalith,48,2026-01-02T20:03:57.005081,2026-01-02T20:11:09.967543,$0.05,,,$10.09,$11.00,$30.33,,,,https://www.pricecharting.com/game/pokemon-white-flare/gigalith-48
pokemon-white-flare,mienfoo,52,2025-12-09T11:20:26.724232,2025-12-09T11:20:56.526610,$0.05,,,$10.07,$11.00,$30.24,,,,https://www.pricecharting.com/game/pokemon-white-flare/mienfoo-52
pokemon-white-flare,patrat-reverse,72,2026-01-07T00:43:59.337569,2026-01-07T00:57:05.628288,$0.05,,,$8.01,$9.00,$39.23,,,,https://www.pricecharting.com/game/pokemon-white-flare/patrat-reverse-72
pokemon-white-flare,shelmet,8,2025-12-26T15:57:58.147246,2025-12-26T19:12:15.301032,$0.05,,,$10.07,$11.00,$30.24,,,,https://www.pricecharting.com/game/pokemon-white-flare/shelmet-8
pokemon-white-flare,stunfisk,35,2026-01-02T20:03:57.005081,2026-01-02T20:10:29.898341,$0.05,,,$10.08,$11.00,$30.28,,,,https://www.pricecharting.com/game/pokemon-white-flare/stunfisk-35
pokemon-black-bolt,antique-cover-fossil,80,2025-12-24T14:16:13.257724,2025-12-24T14:17:02.465654,$0.04,,,$10.07,$11.00,$30.24,,,,https://www.pricecharting.com/game/pokemon-black-bolt/antique-cover-fossil-80
pokemon-black-bolt,darumaka,13,2026-01-05T14:00:30.919912,2026-01-05T14:01:49.822608,$0.04,,,$10.03,$11.00,$30.09,,,,https://www.pricecharting.com/game/pokemon-black-bolt/darumaka-13
pokemon-black-bolt,duosion,38,2026-01-05T14:00:30.919912,2026-01-05T14:02:36.089997,$0.04,,,$10.08,$11.00,$30.28,,,,https://www.pricecharting.com/game/pokemon-black-bolt/duosion-38
pokemon-white-flare,boldore,47,2026-01-02T20:03:57.005081,2026-01-02T20:11:04.033717,$0.04,,,$10.04,$11.00,$30.14,,,,https://www.pricecharting.com/game/pokemon-white-flare/boldore-47
pokemon-white-flare,ducklett,25,2026-01-02T20:03:57.005081,2026-01-02T20:09:53.137258,$0.04,,,$10.05,$11.00,$30.19,,,,https://www.pricecharting.com/game/pokemon-white-flare/ducklett-25
pokemon-white-flare,litwick,16,2026-01-02T20:03:57.005081,2026-01-02T20:09:19.123226,$0.04,,,$10.05,$11.00,$30.19,,,,https://www.pricecharting.com/game/pokemon-white-flare/litwick-16
pokemon-white-flare,pansear,14,2025-12-26T15:57:58.147246,2025-12-26T19:12:23.459077,$0.04,,,$10.04,$11.00,$30.14,,,,https://www.pricecharting.com/game/pokemon-white-flare/pansear-14
pokemon-white-flare,sawk,49,2026-01-02T20:03:57.005081,2026-01-02T20:11:14.635753,$0.04,,,$10.05,$11.00,$30.19,,,,https://www.pricecharting.com/game/pokemon-white-flare/sawk-49
pokemon-white-flare,sewaddle,1,2026-01-02T20:03:57.005081,2026-01-02T20:08:27.733377,$0.04,,,$10.05,$11.00,$30.19,,,,https://www.pricecharting.com/game/pokemon-white-flare/sewaddle-1
pokemon-white-flare,woobat,36,2026-01-02T20:03:57.005081,2026-01-02T20:10:36.218570,$0.04,,,$10.05,$11.00,$30.19,,,,https://www.pricecharting.com/game/pokemon-white-flare/woobat-36
pokemon-black-bolt,drilbur,45,2026-01-07T00:43:59.337569,2026-01-07T00:51:21.406071,$0.03,,,$10.04,$11.00,$30.14,,,,https://www.pricecharting.com/game/pokemon-black-bolt/drilbur-45
pokemon-destined-rivals,rellor,24,2026-01-02T20:03:57.005081,2026-01-02T20:04:14.297275,$0.03,,,$10.04,$11.00,$30.14,,,,https://www.pricecharting.com/game/pokemon-destined-rivals/rellor-24
pokemon-white-flare,accelgor,9,2026-01-02T20:03:57.005081,2026-01-02T20:08:59.553416,$0.03,,,$10.05,$11.00,$30.19,,,,https://www.pricecharting.com/game/pokemon-white-flare/accelgor-9
pokemon-black-bolt,pansage-pokeball,4,2026-01-07T01:13:32.223987,2026-01-07T01:14:12.798941,,,,,,,failed,parsing_failed,Price table not found on page (tried id=price_data and class=info_box),https://www.pricecharting.com/game/pokemon-black-bolt/pansage-pokeball-4
pokemon-black-bolt,petilil-pokeball,6,2026-01-07T01:13:32.223987,2026-01-07T01:14:17.286979,,,,,,,failed,parsing_failed,Price table not found on page (tried id=price_data and class=info_box),https://www.pricecharting.com/game/pokemon-black-bolt/petilil-pokeball-6
pokemon-destined-rivals,marnie's-impidimp,133,2026-01-07T00:43:59.337569,2026-01-07T00:48:19.496633,,,,,,,failed,parsing_failed,Price table not found on page (tried id=price_data and class=info_box),https://www.pricecharting.com/game/pokemon-destined-rivals/marnie%27s-impidimp-133
pokemon-destined-rivals,medicate,99,2026-01-07T00:43:59.337569,2026-01-07T00:47:27.552036,,,,,,,failed,parsing_failed,Price table not found on page (tried id=price_data and class=info_box),https://www.pricecharting.com/game/pokemon-destined-rivals/medicate-99
pokemon-destined-rivals,misty's-psyduck,48,2026-01-07T00:43:59.337569,2026-01-07T00:45:34.636199,,,,,,,failed,parsing_failed,Price table not found on page (tried id=price_data and class=info_box),https://www.pricecharting.com/game/pokemon-destined-rivals/misty%27s-psyduck-48
pokemon-destined-rivals,mudscale,108,2026-01-07T00:43:59.337569,2026-01-07T00:47:35.362102,,,,,,,failed,parsing_failed,Price table not found on page (tried id=price_data and class=info_box),https://www.pricecharting.com/game/pokemon-destined-rivals/mudscale-108
pokemon-destined-rivals,tailow,156,2026-01-07T00:43:59.337569,2026-01-07T00:48:59.502547,,,,,,,failed,parsing_failed,Price table not found on page (tried id=price_data and class=info_box),https://www.pricecharting.com/game/pokemon-destined-rivals/tailow-156
pokemon-destined-rivals,team-rocket's-muk,123,2026-01-07T00:43:59.337569,2026-01-07T00:47:56.995264,,,,,,,failed,parsing_failed,Price table not found on page (tried id=price_data and class=info_box),https://www.pricecharting.com/game/pokemon-destined-rivals/team-rocket%27s-muk-123
pokemon-destined-rivals,team-rocket's-petrol,176,2026-01-07T00:43:59.337569,2026-01-07T00:50:07.102014,,,,,,,failed,parsing_failed,Price table not found on page (tried id=price_data and class=info_box),https://www.pricecharting.com/game/pokemon-destined-rivals/team-rocket%27s-petrol-176
pokemon-twilight-masquerade,fezandipiti,90,2026-01-07T00:43:59.337569,2026-01-07T00:52:56.498666,,,,,,,failed,parsing_failed,Price table not found on page (tried id=price_data and class=info_box),https://www.pricecharting.com/game/pokemon-twilight-masquerade/fezandipiti-90
pokemon-twilight-masquerade,swirilix,89,2026-01-07T00:43:59.337569,2026-01-07T00:52:44.073781,,,,,,,failed,parsing_failed,Price table not found on page (tried id=price_data and class=info_box),https://www.pricecharting.com/game/pokemon-twilight-masquerade/swirilix-89
pokemon-twilight-masquerade,tirtouga,37,2026-01-07T00:43:59.337569,2026-01-07T00:51:58.517426,,,,,,,failed,parsing_failed,Price table not found on page (tried id=price_data and class=info_box),https://www.pricecharting.com/game/pokemon-twilight-masquerade/tirtouga-37
